DATE,LATITUDE_A,LONGITUDE_A,ELEVATION_A,PRCP_A,SNWD_A,tmax_A,tmin_A,Tavg_A,LONGITUDE,LATITUDE,ELEVATION,TAVG
1974-08-09,63.88,77.52,128,0.0,0.0,102.22,34.1,68.16,78.733,63.933,63,24.7
1974-08-10,63.88,77.52,128,0.0,0.0,39.36143659711075,19.565786516853933,29.4,78.733,63.933,63,24.8
1974-08-11,63.88,77.52,128,0.0,2.89,34.1,26.379999999999995,30.24,78.733,63.933,63,24.8
1974-10-06,63.88,77.52,128,0.0,0.0,24.2,7.0,15.6,78.733,63.933,63,15.7
1975-01-28,63.88,77.52,128,0.0,0.0,-2.2,-7.3999999999999995,-4.8,78.733,63.933,63,-4.2
1975-02-17,63.88,77.52,128,0.0,0.0,4.4,-6.32,-0.96,78.733,63.933,63,-3.5
1975-03-19,63.88,77.52,128,0.0,0.0,37.5,-16.38,10.56,78.733,63.933,63,2.8
1975-03-28,63.88,77.52,128,0.0,0.0,19.8,4.3,12.05,78.733,63.933,63,7.4
1975-03-29,63.88,77.52,128,0.0,0.0,21.001436597110754,1.205786516853932,11.04,78.733,63.933,63,6.2
1975-03-30,63.88,77.52,128,15.0,0.0,12.1,3.5,7.8,78.733,63.933,63,5.5
1975-03-31,63.88,77.52,128,20.0,0.0,18.361436597110753,-1.434213483146067,8.4,78.733,63.933,63,6.0
1975-04-01,63.88,77.52,128,0.0,0.0,15.4,0.86,8.13,78.733,63.933,63,6.2
1975-04-05,63.88,77.52,128,0.0,3.18,25.3,-2.0199999999999996,11.64,78.733,63.933,63,7.6
1975-04-18,63.88,77.52,128,0.0,0.0,26.521436597110753,6.7257865168539315,16.56,78.733,63.933,63,11.8
1975-04-26,63.88,77.52,128,0.0,0.0,23.1,21.76,22.43,78.733,63.933,63,11.8
1975-05-22,63.88,77.52,128,0.0,0.0,26.740000000000002,11.18,18.96,78.733,63.933,63,14.7
1975-06-10,63.88,77.52,128,0.0,0.0,38.76143659711076,18.96578651685393,28.8,78.733,63.933,63,23.5
1975-06-17,63.88,77.52,128,0.0,0.0,39.36143659711075,19.565786516853933,29.4,78.733,63.933,63,24.3
1975-06-29,63.88,77.52,128,0.0,0.0,38.5,26.299999999999997,32.4,78.733,63.933,63,25.6
1975-07-02,63.88,77.52,128,0.0,0.0,53.28,20.64,36.96,78.733,63.933,63,28.8
1975-07-03,63.88,77.52,128,0.0,0.0,53.92,12.560000000000002,33.24,78.733,63.933,63,28.0
1975-07-10,63.88,77.52,128,0.0,0.0,66.42,18.06,42.24,78.733,63.933,63,30.5
1975-07-11,63.88,77.52,128,0.0,0.0,58.08,20.64,39.36,78.733,63.933,63,29.2
1975-07-14,63.88,77.52,128,0.0,0.0,40.96,13.76,27.36,78.733,63.933,63,26.2
1975-07-22,63.88,77.52,128,0.0,0.0,46.92,15.48,31.200000000000003,78.733,63.933,63,26.2
1975-07-24,63.88,77.52,128,0.0,0.0,46.92,13.76,31.200000000000003,78.733,63.933,63,26.0
1975-07-25,63.88,77.52,128,0.0,0.0,53.64,15.48,34.56,78.733,63.933,63,27.2
1975-07-26,63.88,77.52,128,0.0,0.0,83.49,15.48,49.485,78.733,63.933,63,26.5
1975-08-03,63.88,77.52,128,0.0,0.0,39.6,18.92,29.26,78.733,63.933,63,27.5
1975-08-06,63.88,77.52,128,0.0,3.59,47.40143659711075,27.605786516853932,37.44,78.733,63.933,63,30.0
1975-08-09,63.88,77.52,128,0.0,0.0,36.961436597110755,17.165786516853935,27.0,78.733,63.933,63,24.6
1975-08-10,63.88,77.52,128,0.0,0.0,46.08,10.32,28.2,78.733,63.933,63,24.8
1975-08-12,63.88,77.52,128,0.0,0.0,33.0,19.32,26.16,78.733,63.933,63,24.3
1975-08-13,63.88,77.52,128,0.0,2.15,42.300000000000004,12.9,27.6,78.733,63.933,63,24.5
1975-08-16,63.88,77.52,128,0.0,0.0,27.5,20.020000000000003,23.76,78.733,63.933,63,22.0
1975-09-05,63.88,77.52,128,0.0,0.0,33.0,13.079999999999998,23.04,78.733,63.933,63,22.7
1975-09-06,63.88,77.52,128,0.0,0.0,30.601436597110755,10.805786516853933,20.64,78.733,63.933,63,21.2
1975-09-09,63.88,77.52,128,0.0,0.0,31.0,8.6,19.8,78.733,63.933,63,20.0
1975-09-14,63.88,77.52,128,0.0,0.0,30.361436597110753,10.565786516853931,20.4,78.733,63.933,63,19.3
1975-09-22,63.88,77.52,128,0.0,0.0,30.080000000000002,6.88,18.48,78.733,63.933,63,22.2
1975-09-27,63.88,77.52,128,0.0,0.0,27.5,6.02,16.759999999999998,78.733,63.933,63,19.2
1975-10-07,63.88,77.52,128,0.0,0.0,20.9,11.020000000000003,15.96,78.733,63.933,63,17.2
1975-10-17,63.88,77.52,128,0.0,0.0,12.601436597110755,-7.194213483146067,2.64,78.733,63.933,63,4.6
1975-10-24,63.88,77.52,128,0.0,0.0,12.121436597110755,-7.674213483146067,2.16,78.733,63.933,63,4.8
1975-10-27,63.88,77.52,128,0.0,0.0,14.4,0.0,7.2,78.733,63.933,63,7.7
1975-10-30,63.88,77.52,128,0.0,0.0,6.361436597110755,-13.434213483146067,-3.6,78.733,63.933,63,0.0
1975-11-10,63.88,77.52,128,0.0,0.0,4.4,-11.18,-3.3899999999999997,78.733,63.933,63,-1.2
1975-11-11,63.88,77.52,128,0.0,0.0,44.44,-40.839999999999996,1.8000000000000007,78.733,63.933,63,0.6
1975-11-13,63.88,77.52,128,0.0,0.0,-3.3,-20.7,-12.0,78.733,63.933,63,-2.0
1975-11-14,63.88,77.52,128,0.0,0.0,-2.2,-15.32,-8.76,78.733,63.933,63,-2.6
1975-11-15,63.88,77.52,128,0.0,0.0,1.1,-15.98,-7.44,78.733,63.933,63,-2.8
1975-11-16,63.88,77.52,128,0.0,0.0,3.3,-15.3,-6.0,78.733,63.933,63,0.4
1975-11-19,63.88,77.52,128,0.0,2.6,9.961436597110755,-9.834213483146067,0.0,78.733,63.933,63,1.0
1975-11-26,63.88,77.52,128,0.0,0.0,8.8,-1.72,3.5400000000000005,78.733,63.933,63,2.5
1975-12-02,63.88,77.52,128,0.0,0.0,-1.1,-7.74,-4.42,78.733,63.933,63,0.3
1975-12-05,63.88,77.52,128,0.0,2.12,-1.1,-4.3,-2.7,78.733,63.933,63,-0.2
1975-12-07,63.88,77.52,128,0.0,0.0,0.0,-16.32,-8.16,78.733,63.933,63,-3.7
1975-12-08,63.88,77.52,128,0.0,0.0,11.0,-8.6,1.2000000000000002,78.733,63.933,63,-4.2
1975-12-09,63.88,77.52,128,0.0,0.0,2.2,-10.32,-4.0600000000000005,78.733,63.933,63,-3.6
1975-12-11,63.88,77.52,128,0.0,0.0,1.1,-2.58,-0.74,78.733,63.933,63,-1.2
1975-12-13,63.88,77.52,128,0.0,0.0,70.66000000000001,1.1,35.88,78.733,63.933,63,-0.6
1975-12-15,63.88,77.52,128,0.0,0.0,-4.4,-18.4,-11.399999999999999,78.733,63.933,63,-5.5
1975-12-17,63.88,77.52,128,0.0,0.0,1.1,-3.44,-1.17,78.733,63.933,63,-1.2
1975-12-18,63.88,77.52,128,0.0,0.0,46.921436597110755,27.125786516853935,36.96,78.733,63.933,63,-1.0
1975-12-21,63.88,77.52,128,0.0,0.0,8.8,-10.995650080256821,-1.1614365971107539,78.733,63.933,63,1.0
1975-12-26,63.88,77.52,128,0.0,0.0,5.5,-2.62,1.44,78.733,63.933,63,0.8
1975-12-27,63.88,77.52,128,0.0,0.0,5.5,16.08,1.44,78.733,63.933,63,0.0
1975-12-28,63.88,77.52,128,0.0,0.0,2.2,-3.16,-0.48,78.733,63.933,63,0.0
1975-12-30,63.88,77.52,128,0.0,0.0,25.71,3.3,14.505,78.733,63.933,63,1.7
1976-01-04,63.88,77.52,128,0.0,0.0,0.0,-6.72,-3.36,78.733,63.933,63,-1.6
1976-01-06,63.88,77.52,128,0.0,0.0,13.081436597110756,-6.714213483146067,3.12,78.733,63.933,63,2.8
1976-01-07,63.88,77.52,128,0.0,0.0,0.0,-4.8,-2.4,78.733,63.933,63,-0.3
1976-01-08,63.88,77.52,128,0.0,0.0,-0.8385634028892461,-20.63421348314607,-10.8,78.733,63.933,63,-3.8
1976-01-13,63.88,77.52,128,0.0,0.0,1.1,-6.380000000000001,-2.6400000000000006,78.733,63.933,63,-1.8
1976-01-15,63.88,77.52,128,10.0,2.91,6.361436597110755,-13.434213483146067,-3.6,78.733,63.933,63,-2.5
1976-01-16,63.88,77.52,128,10.0,0.0,-1.1,-8.02,-4.56,78.733,63.933,63,-3.5
1976-01-18,63.88,77.52,128,10.0,0.0,1.1,-7.82,-3.3600000000000003,78.733,63.933,63,-0.5
1976-01-19,63.88,77.52,128,10.0,0.0,0.040000000000000036,-1.72,-0.84,78.733,63.933,63,0.0
1976-01-26,63.88,77.52,128,10.0,3.2,3.7214365971107544,-16.074213483146067,-6.24,78.733,63.933,63,-4.5
1976-02-08,63.88,77.52,128,10.0,0.0,-3.3,-8.7,-6.0,78.733,63.933,63,-4.8
1976-02-12,63.88,77.52,128,0.0,0.0,-8.8,-22.4,-15.6,78.733,63.933,63,-10.4
1976-02-13,63.88,77.52,128,0.0,0.0,8.69,-49.489999999999995,-20.4,78.733,63.933,63,-11.5
1976-02-14,63.88,77.52,128,0.0,0.0,-11.0,-38.92,-24.96,78.733,63.933,63,-13.3
1976-02-17,63.88,77.52,128,0.0,0.0,-16.5,-30.299999999999997,-23.4,78.733,63.933,63,-16.3
1976-02-22,63.88,77.52,128,0.0,0.0,-2.2,-10.32,-6.26,78.733,63.933,63,-5.2
1976-02-24,63.88,77.52,128,0.0,3.32,-13.2,-31.919999999999998,-22.56,78.733,63.933,63,-14.2
1976-02-26,63.88,77.52,128,0.0,0.0,-11.0,-33.4,-22.2,78.733,63.933,63,-13.4
1976-03-02,63.88,77.52,128,0.0,0.0,-2.2,-8.600000000000001,-5.4,78.733,63.933,63,-4.5
1976-03-06,63.88,77.52,128,0.0,0.0,-4.4,-17.200000000000003,-10.8,78.733,63.933,63,-8.4
1976-03-13,63.88,77.52,128,0.0,0.0,-1.1,-7.74,-4.42,78.733,63.933,63,-4.3
1976-03-16,63.88,77.52,128,0.0,0.0,-4.4,-24.195650080256822,-14.361436597110755,78.733,63.933,63,-6.0
1976-03-24,63.88,77.52,128,0.0,0.0,7.9214365971107545,-11.874213483146068,-2.04,78.733,63.933,63,-3.3
1976-03-28,63.88,77.52,128,0.0,0.0,-5.98,-6.02,-6.0,78.733,63.933,63,-5.0
1976-03-31,63.88,77.52,128,0.0,0.0,5.5,-3.44,1.03,78.733,63.933,63,-0.5
1976-04-02,63.88,77.52,128,0.0,0.0,6.6,-1.7999999999999998,2.4,78.733,63.933,63,2.0
1976-04-05,63.88,77.52,128,0.0,0.0,17.6,0.3999999999999986,9.0,78.733,63.933,63,4.2
1976-04-11,63.88,77.52,128,0.0,0.0,22.0,0.0,11.0,78.733,63.933,63,6.0
1976-04-21,63.88,77.52,128,0.0,0.0,22.441436597110755,2.645786516853933,12.48,78.733,63.933,63,9.8
1976-04-26,63.88,77.52,128,0.0,0.0,26.521436597110753,6.7257865168539315,16.56,78.733,63.933,63,4.0
1976-04-28,63.88,77.52,128,0.0,0.0,25.561436597110756,5.765786516853932,15.6,78.733,63.933,63,7.0
1976-04-29,63.88,77.52,128,0.0,0.0,25.3,6.02,15.66,78.733,63.933,63,7.2
1976-04-30,63.88,77.52,128,0.0,0.0,28.561436597110756,8.765786516853934,18.6,78.733,63.933,63,14.0
1976-05-02,63.88,77.52,128,0.0,0.0,31.9,8.6,20.25,78.733,63.933,63,16.4
1976-05-03,63.88,77.52,128,0.0,0.0,33.0,10.32,21.66,78.733,63.933,63,13.8
1976-05-05,63.88,77.52,128,0.0,0.0,23.1,3.3043499197431796,13.138563402889247,78.733,63.933,63,11.2
1976-05-11,63.88,77.52,128,0.0,0.0,29.761436597110755,9.965786516853933,19.8,78.733,63.933,63,17.5
1976-05-19,63.88,77.52,128,0.0,0.0,37.4,22.120000000000005,29.76,78.733,63.933,63,18.2
1976-05-20,63.88,77.52,128,0.0,0.0,37.4,22.6,30.0,78.733,63.933,63,23.0
1976-05-22,63.88,77.52,128,0.0,2.54,24.2,20.44,22.32,78.733,63.933,63,20.0
1976-05-23,63.88,77.52,128,0.0,0.0,77.58,29.7,53.64,78.733,63.933,63,21.4
1976-05-28,63.88,77.52,128,0.0,0.0,23.1,17.699999999999996,20.4,78.733,63.933,63,19.0
1976-06-03,63.88,77.52,128,0.0,0.0,36.3,15.780000000000001,26.04,78.733,63.933,63,20.8
1976-06-09,63.88,77.52,128,0.0,3.69,34.80143659711075,15.005786516853933,24.84,78.733,63.933,63,21.4
1976-06-10,63.88,77.52,128,0.0,0.0,38.5,20.060000000000002,29.28,78.733,63.933,63,23.4
1976-06-12,63.88,77.52,128,0.0,0.0,39.36143659711075,19.565786516853933,29.4,78.733,63.933,63,22.8
1976-06-17,63.88,77.52,128,0.0,0.0,40.7,24.099999999999994,32.4,78.733,63.933,63,24.8
1976-06-18,63.88,77.52,128,0.0,0.0,38.5,23.9,31.2,78.733,63.933,63,23.8
1976-06-25,63.88,77.52,128,0.0,0.0,46.2,28.200000000000003,37.2,78.733,63.933,63,29.0
1976-07-02,63.88,77.52,128,0.0,0.0,31.9,18.5,25.2,78.733,63.933,63,22.4
1976-07-05,63.88,77.52,128,0.0,0.0,31.9,9.46,20.68,78.733,63.933,63,24.0
1976-07-10,63.88,77.52,128,0.0,0.0,35.78,14.62,25.2,78.733,63.933,63,24.0
1976-07-12,63.88,77.52,128,0.0,0.0,44.0,36.16,40.08,78.733,63.933,63,29.2
1976-07-14,63.88,77.52,128,0.0,0.0,47.52143659711076,27.725786516853937,37.56,78.733,63.933,63,27.5
1976-07-22,63.88,77.52,128,0.0,0.0,33.0,15.48,24.240000000000002,78.733,63.933,63,24.5
1976-07-23,63.88,77.52,128,0.0,0.0,80.63,-20.629999999999995,30.0,78.733,63.933,63,25.8
1976-07-24,63.88,77.52,128,0.0,0.0,37.4,15.48,26.439999999999998,78.733,63.933,63,25.0
1976-07-26,63.88,77.52,128,0.0,0.0,42.9,24.300000000000004,33.6,78.733,63.933,63,24.4
1976-07-28,63.88,77.52,128,0.0,0.0,41.8,25.400000000000006,33.6,78.733,63.933,63,28.5
1976-07-29,63.88,77.52,128,0.0,3.81,40.7,22.18,31.44,78.733,63.933,63,26.8
1976-07-31,63.88,77.52,128,0.0,0.0,41.8,33.8,37.8,78.733,63.933,63,27.8
1976-08-03,63.88,77.52,128,0.0,0.0,42.9,20.64,31.77,78.733,63.933,63,27.0
1976-08-05,63.88,77.52,128,0.0,0.0,42.9,19.78,31.34,78.733,63.933,63,28.8
1976-08-08,63.88,77.52,128,0.0,0.0,48.4,44.98,46.69,78.733,63.933,63,28.8
1976-08-12,63.88,77.52,128,0.0,0.0,63.91,2.5700000000000074,33.24,78.733,63.933,63,26.8
1976-08-14,63.88,77.52,128,0.0,0.0,35.2,20.0,27.6,78.733,63.933,63,25.8
1976-08-16,63.88,77.52,128,0.0,0.0,35.2,20.72,27.96,78.733,63.933,63,24.8
1976-08-18,63.88,77.52,128,0.0,0.0,35.440000000000005,13.76,24.6,78.733,63.933,63,25.0
1976-08-20,63.88,77.52,128,0.0,0.0,35.2,18.799999999999997,27.0,78.733,63.933,63,24.6
1976-08-22,63.88,77.52,128,0.0,0.0,44.52143659711076,24.725786516853937,34.56,78.733,63.933,63,27.4
1976-08-23,63.88,77.52,128,0.0,3.49,119.52000000000001,39.6,79.56,78.733,63.933,63,27.5
1976-08-24,63.88,77.52,128,0.0,0.0,40.7,17.2,28.950000000000003,78.733,63.933,63,25.8
1976-08-25,63.88,77.52,128,0.0,0.0,39.6,15.48,27.54,78.733,63.933,63,25.8
1976-08-27,63.88,77.52,128,0.0,0.0,38.61,36.3,37.455,78.733,63.933,63,26.0
1976-08-28,63.88,77.52,128,0.0,0.0,39.6,16.559999999999995,28.08,78.733,63.933,63,25.2
1976-08-30,63.88,77.52,128,0.0,0.0,37.4,14.440000000000005,25.92,78.733,63.933,63,24.3
1976-09-02,63.88,77.52,128,0.0,0.0,104.88,26.4,65.64,78.733,63.933,63,22.5
1976-09-03,63.88,77.52,128,0.0,0.0,114.88000000000001,30.8,72.84,78.733,63.933,63,21.5
1976-09-06,63.88,77.52,128,0.0,0.0,34.1,13.899999999999999,24.0,78.733,63.933,63,23.0
1976-09-07,63.88,77.52,128,0.0,0.0,35.2,15.404349919743181,25.23856340288925,78.733,63.933,63,22.3
1976-09-08,63.88,77.52,128,0.0,0.0,36.72,36.3,36.51,78.733,63.933,63,21.5
1976-09-12,63.88,77.52,128,0.0,0.0,24.2,-0.9199999999999982,11.64,78.733,63.933,63,16.8
1976-09-13,63.88,77.52,128,0.0,2.57,24.2,7.720000000000002,15.96,78.733,63.933,63,17.2
1976-09-23,63.88,77.52,128,0.0,0.0,58.339999999999996,41.02,49.68,78.733,63.933,63,17.7
1976-09-24,63.88,77.52,128,0.0,0.0,28.64,25.3,26.97,78.733,63.933,63,17.2
1976-09-27,63.88,77.52,128,0.0,0.0,24.2,8.919999999999998,16.56,78.733,63.933,63,16.8
1976-09-29,63.88,77.52,128,0.0,0.0,20.9,5.16,13.03,78.733,63.933,63,13.4
1976-10-03,63.88,77.52,128,0.0,0.0,8.8,-10.995650080256821,-1.1614365971107539,78.733,63.933,63,7.8
1976-10-10,63.88,77.52,128,0.0,0.0,8.8,-10.995650080256821,-1.1614365971107539,78.733,63.933,63,11.5
1976-10-12,63.88,77.52,128,0.0,0.0,14.3,4.899999999999999,9.6,78.733,63.933,63,13.0
1976-10-15,63.88,77.52,128,0.0,0.0,27.5,6.88,17.19,78.733,63.933,63,12.0
1976-10-19,63.88,77.52,128,0.0,0.0,-4.4,-15.999999999999998,-10.2,78.733,63.933,63,-4.2
1976-11-01,63.88,77.52,128,0.0,0.0,4.4,-6.02,-0.8099999999999996,78.733,63.933,63,-1.4
1976-11-02,63.88,77.52,128,0.0,0.0,4.4,-6.02,-0.8099999999999996,78.733,63.933,63,5.5
1976-11-05,63.88,77.52,128,0.0,0.0,13.2,0.0,6.6,78.733,63.933,63,5.8
1976-11-07,63.88,77.52,128,0.0,0.0,-1.1,-10.18,-5.64,78.733,63.933,63,-1.6
1976-11-09,63.88,77.52,128,0.0,0.0,2.2,-6.02,-1.9099999999999997,78.733,63.933,63,0.5
1976-11-10,63.88,77.52,128,0.0,0.0,37.62,-48.66,-5.52,78.733,63.933,63,-0.7
1976-11-11,63.88,77.52,128,0.0,0.0,0.0,-13.92,-6.96,78.733,63.933,63,-1.3
1976-11-12,63.88,77.52,128,0.0,0.0,16.34,-35.06,-9.360000000000001,78.733,63.933,63,-2.2
1976-11-14,63.88,77.52,128,0.0,0.0,3.3,-9.3,-3.0000000000000004,78.733,63.933,63,-4.0
1976-11-16,63.88,77.52,128,0.0,0.0,9.98,7.7,8.84,78.733,63.933,63,-1.2
1976-11-18,63.88,77.52,128,0.0,0.0,12.21,2.2,7.205,78.733,63.933,63,-0.7
1976-11-20,63.88,77.52,128,0.0,0.0,2.2,-12.04,-4.92,78.733,63.933,63,-3.3
1976-11-21,63.88,77.52,128,0.0,0.0,6.6,-10.92,-2.16,78.733,63.933,63,-1.0
1976-11-22,63.88,77.52,128,0.0,0.0,11.161436597110754,-8.634213483146068,1.2,78.733,63.933,63,1.2
1976-11-24,63.88,77.52,128,0.0,0.0,13.2,-8.879999999999999,2.16,78.733,63.933,63,1.5
1976-11-25,63.88,77.52,128,0.0,3.13,14.3,-3.44,5.430000000000001,78.733,63.933,63,-0.4
1976-11-29,63.88,77.52,128,0.0,0.0,0.0,-16.32,-8.16,78.733,63.933,63,-1.5
1976-12-02,63.88,77.52,128,0.0,0.0,22.11,-11.18,5.465,78.733,63.933,63,-3.0
1976-12-03,63.88,77.52,128,0.0,0.0,0.0,-9.46,-4.73,78.733,63.933,63,-4.0
1976-12-04,63.88,77.52,128,0.0,0.0,36.339999999999996,1.1,18.72,78.733,63.933,63,-1.2
1976-12-05,63.88,77.52,128,0.0,0.0,3.3,-8.6,-2.65,78.733,63.933,63,-1.4
1976-12-08,63.88,77.52,128,0.0,0.0,-1.1,-10.32,-5.71,78.733,63.933,63,-4.6
1976-12-09,63.88,77.52,128,239.0,0.0,-3.3,-23.095650080256824,-13.261436597110755,78.733,63.933,63,-3.2
1976-12-12,63.88,77.52,128,239.0,0.0,1.321436597110754,-18.474213483146066,-8.64,78.733,63.933,63,-5.0
1976-12-15,63.88,77.52,128,239.0,0.0,14.19,-4.4,4.895,78.733,63.933,63,-5.2
1976-12-16,63.88,77.52,128,239.0,0.0,-6.619999999999997,-9.46,-8.04,78.733,63.933,63,-5.5
1976-12-17,63.88,77.52,128,239.0,0.0,5.401436597110755,-14.394213483146068,-4.56,78.733,63.933,63,-2.2
1976-12-18,63.88,77.52,128,239.0,0.0,-3.3,-4.3,-3.8,78.733,63.933,63,-1.6
1976-12-23,63.88,77.52,128,239.0,0.0,-16.5,-26.22,-21.36,78.733,63.933,63,-17.8
1976-12-24,63.88,77.52,128,239.0,0.0,-17.6,-37.12,-27.36,78.733,63.933,63,-17.8
1976-12-25,63.88,77.52,128,239.0,0.0,-17.6,-22.36,-27.36,78.733,63.933,63,-16.3
1976-12-26,63.88,77.52,128,0.0,0.0,7.14,-31.62,-12.24,78.733,63.933,63,-9.2
1976-12-27,63.88,77.52,128,0.0,0.0,18.83,-34.43,-7.800000000000001,78.733,63.933,63,-6.0
1976-12-28,63.88,77.52,128,0.0,0.0,1.5614365971107542,-18.234213483146068,-8.4,78.733,63.933,63,-7.6
1976-12-29,63.88,77.52,128,0.0,0.0,-8.6,-11.320000000000002,-9.96,78.733,63.933,63,-7.3
1977-01-02,63.88,77.52,128,0.0,0.0,-11.0,-45.64,-28.32,78.733,63.933,63,-17.2
1977-01-04,63.88,77.52,128,0.0,0.0,-24.2,-38.2,-31.200000000000003,78.733,63.933,63,-21.4
1977-01-05,63.88,77.52,128,0.0,0.0,-19.8,-26.66,-23.23,78.733,63.933,63,-19.7
1977-01-06,63.88,77.52,128,0.0,0.0,-17.6,-22.36,-19.98,78.733,63.933,63,-15.6
1977-01-07,63.88,77.52,128,0.0,0.0,-20.64,-25.68,-23.16,78.733,63.933,63,-13.6
1977-01-08,63.88,77.52,128,0.0,0.0,12.99,-9.9,1.545,78.733,63.933,63,-11.0
1977-01-12,63.88,77.52,128,5.0,0.0,-18.7,-29.779999999999998,-24.24,78.733,63.933,63,-12.8
1977-01-13,63.88,77.52,128,0.0,0.0,-13.558563402889245,-33.35421348314607,-23.52,78.733,63.933,63,-15.4
1977-01-16,63.88,77.52,128,0.0,0.0,-18.7,-22.36,-20.53,78.733,63.933,63,-16.0
1977-01-18,63.88,77.52,128,0.0,0.0,-24.2,-27.52,-25.86,78.733,63.933,63,-21.2
1977-01-19,63.88,77.52,128,0.0,0.0,-18.94,-26.66,-22.8,78.733,63.933,63,-16.0
1977-01-20,63.88,77.52,128,0.0,0.0,-14.3,-34.17999999999999,-24.239999999999995,78.733,63.933,63,-16.2
1977-01-21,63.88,77.52,128,0.0,0.0,-29.24,-38.44000000000001,-33.84,78.733,63.933,63,-26.2
1977-01-22,63.88,77.52,128,0.0,3.47,-24.2,-45.879999999999995,-35.04,78.733,63.933,63,-28.3
1977-01-23,63.88,77.52,128,0.0,0.0,36.44,-24.2,6.119999999999999,78.733,63.933,63,-27.6
1977-01-24,63.88,77.52,128,0.0,3.88,-17.158563402889246,-36.95421348314607,-27.12,78.733,63.933,63,-24.8
1977-01-28,63.88,77.52,128,0.0,0.0,-2.638563402889245,-22.434213483146067,-12.6,78.733,63.933,63,-13.2
1977-01-29,63.88,77.52,128,0.0,0.0,-11.0,-25.0,-18.0,78.733,63.933,63,-15.8
1977-02-01,63.88,77.52,128,0.0,0.0,-14.3,-34.095650080256824,-24.261436597110755,78.733,63.933,63,-21.5
1977-02-09,63.88,77.52,128,0.0,0.0,-22.0,-40.4,-31.2,78.733,63.933,63,-24.8
1977-02-11,63.88,77.52,128,0.0,0.0,49.86,-12.9,18.48,78.733,63.933,63,-9.6
1977-02-14,63.88,77.52,128,0.0,0.0,1.1,-1.72,-0.30999999999999994,78.733,63.933,63,-0.3
1977-02-15,63.88,77.52,128,0.0,0.0,-1.1,-16.18,-8.64,78.733,63.933,63,-9.0
1977-02-16,63.88,77.52,128,0.0,0.0,-3.3,-14.46,-8.88,78.733,63.933,63,-9.8
1977-02-17,63.88,77.52,128,0.0,0.0,-5.5,-17.06,-11.28,78.733,63.933,63,-10.2
1977-02-19,63.88,77.52,128,0.0,0.0,-1.1,-11.38,-6.24,78.733,63.933,63,-8.5
1977-02-20,63.88,77.52,128,0.0,0.0,2.2,-14.2,-6.0,78.733,63.933,63,-7.4
1977-02-23,63.88,77.52,128,0.0,0.0,10.561436597110754,-9.234213483146068,0.6,78.733,63.933,63,0.5
1977-02-24,63.88,77.52,128,0.0,0.0,8.8,-1.120000000000001,3.84,78.733,63.933,63,1.7
1977-02-27,63.88,77.52,128,0.0,0.0,21.78,-18.06,1.8600000000000012,78.733,63.933,63,-17.8
1977-02-28,63.88,77.52,128,0.0,0.0,-5.5,-19.94,-12.72,78.733,63.933,63,-8.0
1977-03-01,63.88,77.52,128,0.0,0.0,63.16,11.0,37.08,78.733,63.933,63,-0.2
1977-03-13,63.88,77.52,128,0.0,0.0,13.2,-1.6799999999999997,5.76,78.733,63.933,63,0.3
1977-03-21,63.88,77.52,128,0.0,0.0,32.59,20.9,26.745,78.733,63.933,63,1.4
1977-04-04,63.88,77.52,128,0.0,0.0,31.65,20.9,26.275,78.733,63.933,63,0.8
1977-04-09,63.88,77.52,128,0.0,0.0,30.8,3.44,17.12,78.733,63.933,63,3.5
1977-04-11,63.88,77.52,128,0.0,3.25,30.8,11.004349919743179,20.838563402889246,78.733,63.933,63,13.2
1977-04-13,63.88,77.52,128,0.0,0.0,31.9,7.460000000000001,19.68,78.733,63.933,63,8.6
1977-04-20,63.88,77.52,128,0.0,0.0,44.4,10.32,27.36,78.733,63.933,63,18.6
1977-04-23,63.88,77.52,128,0.0,0.0,22.0,12.560000000000002,17.28,78.733,63.933,63,12.2
1977-04-24,63.88,77.52,128,0.0,0.0,27.5,6.88,17.19,78.733,63.933,63,13.8
1977-05-01,63.88,77.52,128,0.0,0.0,30.8,8.6,19.7,78.733,63.933,63,13.2
1977-05-02,63.88,77.52,128,0.0,0.0,27.361436597110753,7.565786516853931,17.4,78.733,63.933,63,12.6
1977-05-07,63.88,77.52,128,0.0,0.0,23.1,6.02,14.56,78.733,63.933,63,13.2
1977-05-11,63.88,77.52,128,0.0,0.0,23.1,8.6,14.56,78.733,63.933,63,18.0
1977-05-15,63.88,77.52,128,0.0,2.08,33.601436597110755,13.805786516853933,23.64,78.733,63.933,63,18.2
1977-05-21,63.88,77.52,128,0.0,0.0,69.63,-19.709999999999994,24.96,78.733,63.933,63,21.0
1977-05-26,63.88,77.52,128,0.0,2.14,38.52143659711075,18.72578651685393,28.56,78.733,63.933,63,22.5
1977-05-28,63.88,77.52,128,0.0,0.0,95.78,31.9,63.84,78.733,63.933,63,22.0
1977-05-30,63.88,77.52,128,0.0,0.0,30.8,9.279999999999998,20.04,78.733,63.933,63,20.2
1977-06-02,63.88,77.52,128,0.0,0.0,34.1,10.32,22.21,78.733,63.933,63,20.8
1977-06-07,63.88,77.52,128,0.0,0.0,39.6,15.48,27.54,78.733,63.933,63,27.3
1977-06-08,63.88,77.52,128,0.0,0.0,69.41,9.790000000000006,39.6,78.733,63.933,63,25.5
1977-06-10,63.88,77.52,128,0.0,0.0,41.02,38.5,39.760000000000005,78.733,63.933,63,27.8
1977-06-12,63.88,77.52,128,0.0,0.0,41.8,22.004349919743177,31.838563402889243,78.733,63.933,63,26.3
1977-06-14,63.88,77.52,128,0.0,0.0,45.1,19.78,32.44,78.733,63.933,63,29.5
1977-06-15,63.88,77.52,128,0.0,0.0,46.20143659711076,26.405786516853937,36.24,78.733,63.933,63,28.6
1977-06-17,63.88,77.52,128,0.0,0.0,43.0,18.92,30.96,78.733,63.933,63,27.0
1977-06-20,63.88,77.52,128,0.0,0.0,39.6,18.06,28.83,78.733,63.933,63,25.8
1977-06-23,63.88,77.52,128,0.0,0.0,40.7,17.2,28.950000000000003,78.733,63.933,63,27.0
1977-06-24,63.88,77.52,128,500.0,0.0,44.16143659711076,24.365786516853937,34.2,78.733,63.933,63,28.6
1977-06-25,63.88,77.52,128,500.0,0.0,37.4,28.6,33.0,78.733,63.933,63,28.0
1977-06-28,63.88,77.52,128,0.0,0.0,67.32143659711076,47.525786516853934,57.36,78.733,63.933,63,24.3
1977-07-08,63.88,77.52,128,0.0,0.0,46.80143659711076,27.005786516853938,36.84,78.733,63.933,63,27.5
1977-07-17,63.88,77.52,128,0.0,0.0,40.7,17.2,28.950000000000003,78.733,63.933,63,26.7
1977-07-22,63.88,77.52,128,0.0,0.0,38.5,18.06,28.28,78.733,63.933,63,27.0
1977-07-23,63.88,77.52,128,0.0,0.0,114.03999999999999,37.4,75.72,78.733,63.933,63,27.0
1977-07-29,63.88,77.52,128,0.0,0.0,35.2,21.919999999999995,28.56,78.733,63.933,63,24.8
1977-08-01,63.88,77.52,128,0.0,0.0,48.25,38.5,43.375,78.733,63.933,63,24.0
1977-08-04,63.88,77.52,128,0.0,0.0,37.4,12.04,24.72,78.733,63.933,63,24.6
1977-08-07,63.88,77.52,128,0.0,0.0,36.3,25.620000000000005,30.96,78.733,63.933,63,25.7
1977-08-08,63.88,77.52,128,0.0,0.0,41.641436597110754,21.845786516853934,31.68,78.733,63.933,63,26.6
1977-08-09,63.88,77.52,128,0.0,0.0,40.7,33.7,37.2,78.733,63.933,63,30.0
1977-08-10,63.88,77.52,128,0.0,0.0,42.12143659711075,22.32578651685393,32.16,78.733,63.933,63,26.0
1977-08-11,63.88,77.52,128,0.0,0.0,40.580000000000005,14.62,27.6,78.733,63.933,63,25.0
1977-08-12,63.88,77.52,128,0.0,0.0,37.4,12.9,25.15,78.733,63.933,63,25.8
1977-08-13,63.88,77.52,128,0.0,0.0,41.8,35.0,38.4,78.733,63.933,63,29.0
1977-08-15,63.88,77.52,128,0.0,0.0,35.2,14.62,24.91,78.733,63.933,63,25.0
1977-08-21,63.88,77.52,128,0.0,0.0,76.02,36.3,56.16,78.733,63.933,63,22.5
1977-08-24,63.88,77.52,128,0.0,0.0,41.641436597110754,21.845786516853934,31.68,78.733,63.933,63,23.5
1977-08-25,63.88,77.52,128,0.0,0.0,42.9,28.619999999999997,35.76,78.733,63.933,63,30.0
1977-08-26,63.88,77.52,128,0.0,0.0,40.7,14.5,27.6,78.733,63.933,63,25.0
1977-08-28,63.88,77.52,128,0.0,0.0,30.601436597110755,10.805786516853933,20.64,78.733,63.933,63,20.5
1977-08-29,63.88,77.52,128,0.0,0.0,25.3,12.620000000000001,18.96,78.733,63.933,63,19.5
1977-08-30,63.88,77.52,128,0.0,0.0,25.3,6.88,16.09,78.733,63.933,63,19.8
1977-09-02,63.88,77.52,128,0.0,0.0,36.36143659711075,16.565786516853933,26.4,78.733,63.933,63,20.3
1977-09-04,63.88,77.52,128,0.0,0.0,33.0,23.880000000000003,28.44,78.733,63.933,63,22.5
1977-09-06,63.88,77.52,128,0.0,0.0,26.4,6.02,16.21,78.733,63.933,63,17.2
1977-09-07,63.88,77.52,128,0.0,0.0,26.4,5.16,16.21,78.733,63.933,63,20.6
1977-09-08,63.88,77.52,128,0.0,0.0,30.8,12.879999999999999,21.84,78.733,63.933,63,21.8
1977-09-11,63.88,77.52,128,0.0,0.0,33.54,31.9,32.72,78.733,63.933,63,23.0
1977-09-13,63.88,77.52,128,0.0,0.0,33.0,14.280000000000001,23.64,78.733,63.933,63,22.0
1977-09-16,63.88,77.52,128,0.0,0.0,36.12143659711076,16.32578651685393,26.16,78.733,63.933,63,22.8
1977-09-24,63.88,77.52,128,0.0,0.0,35.2,9.46,22.330000000000002,78.733,63.933,63,17.6
1977-09-25,63.88,77.52,128,0.0,3.52,63.160000000000004,37.4,50.28,78.733,63.933,63,23.8
1977-09-26,63.88,77.52,128,0.0,0.0,39.6,13.76,26.68,78.733,63.933,63,22.4
1977-09-27,63.88,77.52,128,0.0,0.0,29.7,16.62,23.16,78.733,63.933,63,20.3
1977-09-28,63.88,77.52,128,0.0,0.0,29.401436597110756,9.605786516853934,19.44,78.733,63.933,63,19.2
1977-09-29,63.88,77.52,128,0.0,0.0,27.5,2.7399999999999984,15.12,78.733,63.933,63,17.8
1977-10-02,63.88,77.52,128,0.0,0.0,19.081436597110752,-0.714213483146068,9.12,78.733,63.933,63,10.7
1977-10-03,63.88,77.52,128,0.0,0.0,22.0,-1.8399999999999999,10.08,78.733,63.933,63,10.4
1977-10-04,63.88,77.52,128,0.0,0.0,25.3,0.620000000000001,12.96,78.733,63.933,63,12.8
1977-10-05,63.88,77.52,128,0.0,0.0,33.88,0.6799999999999997,17.28,78.733,63.933,63,14.8
1977-10-06,63.88,77.52,128,0.0,0.0,19.8,0.5999999999999979,10.2,78.733,63.933,63,13.4
1977-10-09,63.88,77.52,128,0.0,0.0,19.8,6.02,12.91,78.733,63.933,63,12.4
1977-10-10,63.88,77.52,128,0.0,0.0,23.1,1.8599999999999994,12.48,78.733,63.933,63,14.2
1977-10-13,63.88,77.52,128,61.0,0.0,14.3,6.82,10.56,78.733,63.933,63,11.8
1977-10-14,63.88,77.52,128,10.0,0.0,27.18,16.5,21.84,78.733,63.933,63,10.4
1977-10-16,63.88,77.52,128,10.0,0.0,22.0,-5.199999999999999,8.4,78.733,63.933,63,13.2
1977-10-17,63.88,77.52,128,10.0,0.0,15.361436597110755,-4.434213483146067,5.4,78.733,63.933,63,11.2
1977-10-18,63.88,77.52,128,10.0,0.0,30.79,-25.99,2.4000000000000004,78.733,63.933,63,7.8
1977-10-19,63.88,77.52,128,10.0,0.0,9.961436597110755,-9.834213483146067,0.0,78.733,63.933,63,3.8
1977-10-21,63.88,77.52,128,10.0,0.0,11.0,-4.28,3.36,78.733,63.933,63,6.0
1977-10-25,63.88,77.52,128,10.0,0.0,13.2,2.58,7.89,78.733,63.933,63,6.6
1977-11-01,63.88,77.52,128,10.0,0.0,13.2,-1.6799999999999997,5.76,78.733,63.933,63,6.4
1977-11-04,63.88,77.52,128,0.0,0.0,12.88,3.44,8.16,78.733,63.933,63,6.2
1977-11-06,63.88,77.52,128,0.0,0.0,23.99,12.1,18.044999999999998,78.733,63.933,63,7.8
1977-11-07,63.88,77.52,128,20.0,3.3,17.401436597110756,-2.394213483146067,7.44,78.733,63.933,63,6.2
1977-11-09,63.88,77.52,128,20.0,0.0,9.241436597110754,-10.554213483146068,-0.72,78.733,63.933,63,2.2
1977-11-10,63.88,77.52,128,0.0,0.0,23.74,2.2,12.969999999999999,78.733,63.933,63,0.7
1977-11-12,63.88,77.52,128,0.0,0.0,88.16,8.8,48.48,78.733,63.933,63,5.7
1977-11-18,63.88,77.52,128,0.0,0.0,88.16,8.8,48.48,78.733,63.933,63,7.3
1977-11-19,63.88,77.52,128,0.0,0.0,13.559999999999999,5.16,9.36,78.733,63.933,63,9.8
1977-11-21,63.88,77.52,128,0.0,0.0,9.14,4.3,6.720000000000001,78.733,63.933,63,5.8
1977-11-23,63.88,77.52,128,0.0,0.0,7.7,2.38,5.04,78.733,63.933,63,5.3
1977-11-28,63.88,77.52,128,0.0,3.76,4.8,0.0,2.4,78.733,63.933,63,1.0
1977-11-29,63.88,77.52,128,0.0,0.0,12.1,1.72,6.91,78.733,63.933,63,5.8
1977-11-30,63.88,77.52,128,0.0,0.0,8.8,-10.995650080256821,-1.1614365971107539,78.733,63.933,63,4.7
1977-12-03,63.88,77.52,128,0.0,0.0,6.6,-10.68,-2.04,78.733,63.933,63,2.2
1977-12-08,63.88,77.52,128,0.0,0.0,2.2,-12.280000000000001,-5.040000000000001,78.733,63.933,63,-1.0
1977-12-11,63.88,77.52,128,0.0,0.0,28.38,0.0,14.19,78.733,63.933,63,-1.6
1977-12-15,63.88,77.52,128,0.0,0.0,-2.2,-5.72,-3.96,78.733,63.933,63,-3.7
1977-12-18,63.88,77.52,128,0.0,2.62,5.521436597110754,-14.274213483146067,-4.44,78.733,63.933,63,-2.0
1977-12-19,63.88,77.52,128,0.0,0.0,-0.2599999999999998,-4.3,-2.28,78.733,63.933,63,-1.5
1977-12-20,63.88,77.52,128,0.0,0.0,-2.2,-7.88,-5.04,78.733,63.933,63,-3.8
1977-12-21,63.88,77.52,128,0.0,0.0,67.72,-2.2,32.76,78.733,63.933,63,-3.8
1977-12-23,63.88,77.52,128,0.0,0.0,2.1614365971107548,-17.634213483146066,-7.8,78.733,63.933,63,-2.6
1977-12-24,63.88,77.52,128,0.0,0.0,-7.7,-19.18,-13.44,78.733,63.933,63,-8.5
1977-12-26,63.88,77.52,128,0.0,0.0,0.0,-13.44,-6.72,78.733,63.933,63,-5.2
1977-12-27,63.88,77.52,128,0.0,0.0,4.441436597110755,-15.354213483146067,-5.52,78.733,63.933,63,-1.6
1977-12-29,63.88,77.52,128,0.0,0.0,39.82,-6.02,16.9,78.733,63.933,63,-3.0
1978-01-04,63.88,77.52,128,0.0,0.0,-1.1,-4.18,-2.6399999999999997,78.733,63.933,63,-2.3
1978-01-08,63.88,77.52,128,0.0,0.0,-1.1,-20.89565008025682,-11.061436597110754,78.733,63.933,63,-0.8
1978-01-09,63.88,77.52,128,0.0,0.0,-1.1,-20.89565008025682,-11.061436597110754,78.733,63.933,63,-1.0
1978-01-11,63.88,77.52,128,10.0,2.81,-5.5,-9.46,-7.48,78.733,63.933,63,-5.8
1978-01-12,63.88,77.52,128,10.0,0.0,-7.7,-9.46,-8.58,78.733,63.933,63,-5.3
1978-01-13,63.88,77.52,128,10.0,0.0,-9.46,-9.9,-9.68,78.733,63.933,63,-4.5
1978-01-15,63.88,77.52,128,10.0,0.0,-9.46,-12.14,-10.8,78.733,63.933,63,-5.8
1978-01-16,63.88,77.52,128,0.0,0.0,-6.6,-11.18,-8.89,78.733,63.933,63,-7.2
1978-01-18,63.88,77.52,128,0.0,0.0,-3.3,-10.14,-6.720000000000001,78.733,63.933,63,-5.7
1978-01-24,63.88,77.52,128,0.0,0.0,-8.398563402889245,-28.194213483146065,-18.36,78.733,63.933,63,-11.5
1978-01-25,63.88,77.52,128,0.0,3.8,-5.278563402889246,-25.074213483146067,-15.24,78.733,63.933,63,-12.5
1978-01-27,63.88,77.52,128,0.0,0.0,8.6,-11.0,-1.2000000000000002,78.733,63.933,63,-11.0
1978-01-28,63.88,77.52,128,0.0,2.18,-11.0,-18.06,-14.53,78.733,63.933,63,-11.3
1978-01-29,63.88,77.52,128,0.0,0.0,-4.4,-12.04,-8.219999999999999,78.733,63.933,63,-7.2
1978-01-30,63.88,77.52,128,0.0,0.0,-4.4,-13.839999999999998,-9.12,78.733,63.933,63,-6.4
1978-01-31,63.88,77.52,128,0.0,0.0,-7.7,-13.76,-10.73,78.733,63.933,63,-9.8
1978-02-03,63.88,77.52,128,0.0,0.0,-12.1,-31.89565008025682,-22.061436597110756,78.733,63.933,63,-11.4
1978-02-05,63.88,77.52,128,0.0,0.0,6.45,-55.17,-24.36,78.733,63.933,63,-14.7
1978-02-06,63.88,77.52,128,0.0,0.0,-16.5,-33.9,-25.2,78.733,63.933,63,-17.8
1978-02-08,63.88,77.52,128,0.0,0.0,-10.438563402889244,-30.234213483146064,-20.4,78.733,63.933,63,-15.7
1978-02-14,63.88,77.52,128,0.0,0.0,-5.5,-17.2,-11.35,78.733,63.933,63,-11.0
1978-02-17,63.88,77.52,128,0.0,0.0,13.2,-5.279999999999999,3.96,78.733,63.933,63,3.4
1978-02-19,63.88,77.52,128,0.0,0.0,64.94,-0.86,32.04,78.733,63.933,63,0.4
1978-02-20,63.88,77.52,128,0.0,0.0,4.4,-1.2800000000000002,1.56,78.733,63.933,63,-0.1
1978-02-22,63.88,77.52,128,0.0,0.0,3.3,-10.5,-3.6,78.733,63.933,63,-1.6
1978-02-23,63.88,77.52,128,0.0,3.77,-2.2,-10.280000000000001,-6.24,78.733,63.933,63,-4.0
1978-02-25,63.88,77.52,128,0.0,0.0,-3.3,-23.095650080256824,-13.261436597110755,78.733,63.933,63,-4.2
1978-02-27,63.88,77.52,128,0.0,0.0,-2.2785634028892456,-22.074213483146067,-12.24,78.733,63.933,63,-9.8
1978-02-28,63.88,77.52,128,0.0,0.0,-2.2,-16.52,-9.36,78.733,63.933,63,-6.8
1978-03-02,63.88,77.52,128,0.0,0.0,-1.1,-8.6,-4.85,78.733,63.933,63,-6.6
1978-03-04,63.88,77.52,128,0.0,0.0,3.3,-19.62,-8.16,78.733,63.933,63,-6.6
1978-03-05,63.88,77.52,128,0.0,0.0,4.4,-9.46,-2.5300000000000002,78.733,63.933,63,-6.4
1978-03-06,63.88,77.52,128,0.0,0.0,5.5,-9.46,-1.9800000000000004,78.733,63.933,63,-4.5
1978-03-15,63.88,77.52,128,0.0,0.0,5.5,0.0,-1.9800000000000004,78.733,63.933,63,1.2
1978-03-17,63.88,77.52,128,0.0,0.0,56.800000000000004,4.4,30.6,78.733,63.933,63,-0.7
1978-03-18,63.88,77.52,128,0.0,0.0,5.5,-3.8200000000000003,0.8399999999999999,78.733,63.933,63,-1.0
1978-03-19,63.88,77.52,128,0.0,0.0,11.521436597110755,-8.274213483146067,1.56,78.733,63.933,63,-1.7
1978-03-20,63.88,77.52,128,0.0,0.0,11.881436597110755,-7.914213483146067,1.92,78.733,63.933,63,-2.3
1978-03-21,63.88,77.52,128,0.0,0.0,9.9,-3.66,3.12,78.733,63.933,63,1.7
1978-03-22,63.88,77.52,128,0.0,0.0,13.2,-6.5956500802568225,3.2385634028892447,78.733,63.933,63,1.4
1978-03-24,63.88,77.52,128,0.0,0.0,16.5,0.0,8.25,78.733,63.933,63,2.8
1978-03-25,63.88,77.52,128,0.0,0.0,15.4,1.8800000000000008,8.64,78.733,63.933,63,2.3
1978-03-29,63.88,77.52,128,0.0,0.0,17.6,1.1199999999999974,9.36,78.733,63.933,63,2.3
1978-03-30,63.88,77.52,128,0.0,0.0,18.7,5.780000000000001,12.24,78.733,63.933,63,1.3
1978-03-31,63.88,77.52,128,0.0,0.0,20.9,0.0,10.45,78.733,63.933,63,3.6
1978-04-01,63.88,77.52,128,0.0,0.0,20.9,-0.5,10.2,78.733,63.933,63,2.0
1978-04-02,63.88,77.52,128,0.0,0.0,23.1,9.299999999999997,16.2,78.733,63.933,63,0.8
1978-04-05,63.88,77.52,128,0.0,0.0,20.9,4.3,12.6,78.733,63.933,63,5.0
1978-04-06,63.88,77.52,128,0.0,0.0,30.121436597110755,10.325786516853933,20.16,78.733,63.933,63,14.3
1978-04-07,63.88,77.52,128,0.0,2.86,23.4,5.16,14.28,78.733,63.933,63,11.2
1978-04-08,63.88,77.52,128,0.0,0.0,11.0,4.119999999999999,7.56,78.733,63.933,63,8.2
1978-04-09,63.88,77.52,128,0.0,0.0,26.06,16.5,21.28,78.733,63.933,63,6.8
1978-04-10,63.88,77.52,128,0.0,0.0,71.68,17.6,44.64,78.733,63.933,63,7.4
1978-04-11,63.88,77.52,128,0.0,0.0,13.2,0.4800000000000004,6.84,78.733,63.933,63,6.2
1978-04-12,63.88,77.52,128,0.0,0.0,18.4,-3.9999999999999982,7.2,78.733,63.933,63,5.5
1978-04-13,63.88,77.52,128,0.0,0.0,13.2,-0.86,6.17,78.733,63.933,63,6.2
1978-04-14,63.88,77.52,128,0.0,2.07,15.4,8.6,12.0,78.733,63.933,63,6.6
1978-04-16,63.88,77.52,128,41.0,0.0,12.1,6.88,9.49,78.733,63.933,63,6.5
1978-04-17,63.88,77.52,128,41.0,0.0,19.8,4.3,12.05,78.733,63.933,63,9.7
1978-04-18,63.88,77.52,128,41.0,0.0,24.2,5.16,14.68,78.733,63.933,63,12.0
1978-04-21,63.88,77.52,128,41.0,0.0,16.5,1.7399999999999984,9.12,78.733,63.933,63,8.8
1978-04-24,63.88,77.52,128,41.0,0.0,18.7,-1.0956500802568225,8.738563402889245,78.733,63.933,63,9.2
1978-04-25,63.88,77.52,128,0.0,0.0,19.8,10.919999999999998,15.36,78.733,63.933,63,12.5
1978-04-26,63.88,77.52,128,119.0,0.0,15.4,10.520000000000001,12.96,78.733,63.933,63,12.8
1978-05-01,63.88,77.52,128,0.0,0.0,26.4,7.74,17.07,78.733,63.933,63,15.3
1978-05-10,63.88,77.52,128,0.0,0.0,19.8,13.319999999999997,16.56,78.733,63.933,63,13.5
1978-05-16,63.88,77.52,128,0.0,0.0,34.1,31.48,32.79,78.733,63.933,63,22.2
1978-05-19,63.88,77.52,128,0.0,0.0,23.1,3.3043499197431796,13.138563402889247,78.733,63.933,63,16.2
1978-06-07,63.88,77.52,128,0.0,0.0,29.41,16.91,23.16,78.733,63.933,63,19.3
1978-06-15,63.88,77.52,128,0.0,0.0,35.2,24.559999999999995,29.88,78.733,63.933,63,22.5
1978-06-17,63.88,77.52,128,0.0,2.17,45.961436597110755,26.165786516853935,36.0,78.733,63.933,63,25.4
1978-06-27,63.88,77.52,128,0.0,0.0,100.82,31.9,66.36,78.733,63.933,63,24.0
1978-06-28,63.88,77.52,128,0.0,0.0,35.2,15.48,25.340000000000003,78.733,63.933,63,25.0
1978-07-08,63.88,77.52,128,0.0,0.0,36.3,27.300000000000004,31.8,78.733,63.933,63,26.8
1978-07-15,63.88,77.52,128,0.0,0.0,53.31999999999999,18.92,36.12,78.733,63.933,63,28.6
1978-07-16,63.88,77.52,128,0.0,0.0,46.2,18.06,32.13,78.733,63.933,63,29.7
1978-07-18,63.88,77.52,128,0.0,0.0,40.7,36.81999999999999,38.76,78.733,63.933,63,28.2
1978-07-26,63.88,77.52,128,0.0,2.94,47.82,40.7,44.260000000000005,78.733,63.933,63,28.0
1978-07-27,63.88,77.52,128,0.0,0.0,42.9,26.699999999999996,34.8,78.733,63.933,63,28.4
1978-07-30,63.88,77.52,128,0.0,0.0,41.78,14.62,28.2,78.733,63.933,63,24.0
1978-08-03,63.88,77.52,128,0.0,0.0,31.9,10.32,21.11,78.733,63.933,63,22.7
1978-08-05,63.88,77.52,128,0.0,2.93,37.4,18.759999999999998,28.08,78.733,63.933,63,25.6
1978-08-07,63.88,77.52,128,0.0,0.0,77.28143659711074,57.48578651685393,67.32,78.733,63.933,63,25.7
1978-08-09,63.88,77.52,128,0.0,0.0,38.919999999999995,37.4,38.16,78.733,63.933,63,27.7
1978-08-13,63.88,77.52,128,0.0,0.0,38.919999999999995,37.4,38.16,78.733,63.933,63,26.8
1978-08-14,63.88,77.52,128,0.0,0.0,42.9,39.22,41.06,78.733,63.933,63,26.8
1978-08-16,63.88,77.52,128,0.0,0.0,33.0,13.204349919743178,23.038563402889245,78.733,63.933,63,25.6
1978-08-21,63.88,77.52,128,0.0,0.0,28.6,8.600000000000001,18.6,78.733,63.933,63,20.2
1978-08-23,63.88,77.52,128,0.0,0.0,30.121436597110755,10.325786516853933,20.16,78.733,63.933,63,20.0
1978-08-26,63.88,77.52,128,0.0,0.0,30.8,21.52,26.16,78.733,63.933,63,21.3
1978-08-29,63.88,77.52,128,0.0,0.0,37.58,7.060000000000002,22.32,78.733,63.933,63,21.5
1978-09-01,63.88,77.52,128,0.0,0.0,35.2,11.18,23.19,78.733,63.933,63,23.8
1978-09-02,63.88,77.52,128,0.0,0.0,34.74,34.1,34.42,78.733,63.933,63,23.2
1978-09-08,63.88,77.52,128,0.0,0.0,34.1,9.46,21.78,78.733,63.933,63,21.3
1978-09-11,63.88,77.52,128,0.0,0.0,64.68,43.08,53.88,78.733,63.933,63,20.5
1978-09-12,63.88,77.52,128,0.0,0.0,40.660000000000004,11.18,25.92,78.733,63.933,63,21.9
1978-09-13,63.88,77.52,128,0.0,0.0,38.16143659711075,18.36578651685393,28.2,78.733,63.933,63,23.3
1978-09-17,63.88,77.52,128,0.0,0.0,29.7,14.7,22.2,78.733,63.933,63,18.8
1978-09-19,63.88,77.52,128,0.0,0.0,37.4,12.04,24.72,78.733,63.933,63,24.0
1978-09-20,63.88,77.52,128,0.0,0.0,29.7,12.9,21.3,78.733,63.933,63,21.2
1978-09-21,63.88,77.52,128,0.0,0.0,29.619999999999997,11.18,20.4,78.733,63.933,63,22.3
1978-09-23,63.88,77.52,128,0.0,0.0,39.001436597110754,19.205786516853934,29.04,78.733,63.933,63,24.3
1978-09-24,63.88,77.52,128,0.0,0.0,33.0,12.9,22.95,78.733,63.933,63,21.6
1978-09-25,63.88,77.52,128,0.0,2.64,28.201436597110753,8.405786516853931,18.24,78.733,63.933,63,20.6
1978-09-26,63.88,77.52,128,0.0,0.0,26.761436597110755,6.9657865168539335,16.8,78.733,63.933,63,15.8
1978-09-27,63.88,77.52,128,0.0,0.0,26.4,6.604349919743177,16.438563402889244,78.733,63.933,63,16.8
1978-09-28,63.88,77.52,128,0.0,0.0,19.8,3.719999999999999,11.76,78.733,63.933,63,13.5
1978-09-29,63.88,77.52,128,0.0,0.0,24.121436597110755,4.325786516853933,14.16,78.733,63.933,63,13.2
1978-09-30,63.88,77.52,128,0.0,0.0,23.1,10.019999999999996,16.56,78.733,63.933,63,13.8
1978-10-02,63.88,77.52,128,0.0,0.0,27.721436597110756,7.925786516853934,17.76,78.733,63.933,63,13.4
1978-10-03,63.88,77.52,128,0.0,0.0,50.82,-32.34,9.239999999999998,78.733,63.933,63,12.0
1978-10-06,63.88,77.52,128,0.0,0.0,15.4,-4.3956500802568215,5.438563402889246,78.733,63.933,63,9.4
1978-10-07,63.88,77.52,128,0.0,0.0,20.9,7.18,14.04,78.733,63.933,63,9.8
1978-10-10,63.88,77.52,128,0.0,0.0,9.9,-8.22,0.8399999999999999,78.733,63.933,63,5.5
1978-10-11,63.88,77.52,128,0.0,0.0,74.32,17.6,45.959999999999994,78.733,63.933,63,9.0
1978-10-14,63.88,77.52,128,0.0,0.0,12.1,2.3000000000000007,7.2,78.733,63.933,63,8.2
1978-10-15,63.88,77.52,128,0.0,0.0,15.4,6.200000000000001,10.8,78.733,63.933,63,10.5
1978-10-16,63.88,77.52,128,0.0,0.0,18.7,0.9800000000000004,9.84,78.733,63.933,63,9.5
1978-10-17,63.88,77.52,128,0.0,0.0,24.2,-5.0,9.6,78.733,63.933,63,12.4
1978-10-20,63.88,77.52,128,0.0,0.0,8.959999999999999,-3.44,2.76,78.733,63.933,63,5.2
1978-10-23,63.88,77.52,128,0.0,0.0,27.5,0.0,13.75,78.733,63.933,63,14.0
1978-10-25,63.88,77.52,128,0.0,0.0,12.1,-0.5800000000000001,5.76,78.733,63.933,63,10.5
1978-10-26,63.88,77.52,128,0.0,0.0,14.3,-11.9,1.2000000000000002,78.733,63.933,63,9.0
1978-10-27,63.88,77.52,128,0.0,0.0,17.6,-0.08000000000000185,8.76,78.733,63.933,63,8.0
1978-10-28,63.88,77.52,128,0.0,0.0,20.9,3.44,12.17,78.733,63.933,63,10.3
1978-10-30,63.88,77.52,128,0.0,0.0,15.4,7.880000000000001,11.64,78.733,63.933,63,11.3
1978-11-01,63.88,77.52,128,180.0,0.0,11.0,3.880000000000001,7.44,78.733,63.933,63,8.5
1978-11-05,63.88,77.52,128,180.0,0.0,3.3,0.0,1.65,78.733,63.933,63,4.0
1978-11-06,63.88,77.52,128,180.0,2.49,15.001436597110754,-4.794213483146067,5.04,78.733,63.933,63,6.5
1978-11-10,63.88,77.52,128,180.0,0.0,0.0,-1.2,-0.6,78.733,63.933,63,0.3
1978-11-11,63.88,77.52,128,180.0,0.0,3.3,0.7800000000000002,2.04,78.733,63.933,63,3.0
1978-11-12,63.88,77.52,128,180.0,0.0,6.6,2.5199999999999996,4.56,78.733,63.933,63,2.4
1978-11-15,63.88,77.52,128,180.0,0.0,29.81,-28.849999999999998,0.4800000000000004,78.733,63.933,63,2.5
1978-11-16,63.88,77.52,128,180.0,0.0,29.81,-28.849999999999998,0.4800000000000004,78.733,63.933,63,4.2
1978-11-19,63.88,77.52,128,180.0,0.0,37.62,-31.619999999999997,3.0,78.733,63.933,63,3.5
1978-11-20,63.88,77.52,128,180.0,0.0,13.081436597110756,-6.714213483146067,3.12,78.733,63.933,63,3.6
1978-11-22,63.88,77.52,128,180.0,0.0,8.8,4.399999999999999,6.6,78.733,63.933,63,6.0
1978-11-23,63.88,77.52,128,180.0,0.0,6.6,-1.3199999999999994,2.64,78.733,63.933,63,3.6
1978-11-25,63.88,77.52,128,5.0,0.0,8.8,-2.8000000000000007,3.0,78.733,63.933,63,3.2
1978-11-27,63.88,77.52,128,5.0,0.0,4.4,-15.395650080256821,-5.561436597110754,78.733,63.933,63,2.0
1978-11-28,63.88,77.52,128,0.0,0.0,10.321436597110754,-9.474213483146068,0.36,78.733,63.933,63,1.8
1978-11-29,63.88,77.52,128,0.0,0.0,53.2,4.4,28.8,78.733,63.933,63,1.8
1978-11-30,63.88,77.52,128,89.0,0.0,4.4,-1.72,1.3400000000000003,78.733,63.933,63,0.3
1978-12-02,63.88,77.52,128,89.0,0.0,12.1,-7.695650080256822,2.138563402889245,78.733,63.933,63,6.2
1978-12-03,63.88,77.52,128,89.0,0.0,12.1,-7.695650080256822,2.138563402889245,78.733,63.933,63,3.8
1978-12-04,63.88,77.52,128,89.0,0.0,3.3,-0.41999999999999993,1.44,78.733,63.933,63,2.6
1978-12-05,63.88,77.52,128,0.0,0.0,13.561436597110754,-6.234213483146068,3.6,78.733,63.933,63,3.4
1978-12-07,63.88,77.52,128,0.0,0.0,8.8,2.2399999999999984,5.52,78.733,63.933,63,6.0
1978-12-08,63.88,77.52,128,0.0,0.0,6.6,-9.959999999999999,-1.6799999999999997,78.733,63.933,63,1.8
1978-12-09,63.88,77.52,128,0.0,2.21,-2.2,-5.0,-3.6,78.733,63.933,63,0.2
1978-12-11,63.88,77.52,128,0.0,0.0,-3.3,-23.095650080256824,-13.261436597110755,78.733,63.933,63,-3.7
1978-12-12,63.88,77.52,128,0.0,0.0,1.1,-5.16,-2.0300000000000002,78.733,63.933,63,0.2
1978-12-13,63.88,77.52,128,0.0,0.0,-1.1,-23.38,-12.24,78.733,63.933,63,-2.8
1978-12-14,63.88,77.52,128,0.0,0.0,0.6014365971107551,-19.194213483146065,-9.36,78.733,63.933,63,-4.7
1978-12-15,63.88,77.52,128,0.0,0.0,6.361436597110755,-13.434213483146067,-3.6,78.733,63.933,63,-3.3
1978-12-17,63.88,77.52,128,0.0,3.06,10.561436597110754,-9.234213483146068,0.6,78.733,63.933,63,1.0
1978-12-19,63.88,77.52,128,0.0,0.0,7.9214365971107545,-11.874213483146068,-2.04,78.733,63.933,63,0.3
1978-12-21,63.88,77.52,128,0.0,0.0,-2.2,-13.399999999999999,-7.799999999999999,78.733,63.933,63,-3.0
1978-12-24,63.88,77.52,128,0.0,0.0,-15.4,-35.19565008025682,-25.361436597110753,78.733,63.933,63,-14.2
1978-12-25,63.88,77.52,128,0.0,0.0,0.0014365971107537234,-19.794213483146066,-9.96,78.733,63.933,63,-8.8
1978-12-26,63.88,77.52,128,0.0,0.0,25.63,12.9,19.265,78.733,63.933,63,-2.5
1978-12-27,63.88,77.52,128,0.0,0.0,4.801436597110754,-14.994213483146067,-5.16,78.733,63.933,63,-3.2
1979-01-01,63.88,77.52,128,0.0,0.0,12.361436597110755,-7.434213483146067,2.4,78.733,63.933,63,-0.2
1979-01-02,63.88,77.52,128,0.0,0.0,0.0,-1.72,-0.86,78.733,63.933,63,-0.8
1979-01-03,63.88,77.52,128,0.0,0.0,6.6,-0.86,2.8699999999999997,78.733,63.933,63,5.6
1979-01-04,63.88,77.52,128,0.0,0.0,65.38,0.86,33.12,78.733,63.933,63,6.0
1979-01-05,63.88,77.52,128,0.0,2.69,9.001436597110754,-10.794213483146066,-0.96,78.733,63.933,63,1.0
1979-01-06,63.88,77.52,128,0.0,0.0,-2.2,-3.44,-2.8200000000000003,78.733,63.933,63,-2.6
1979-01-08,63.88,77.52,128,3.0,0.0,-5.5,-25.7,-15.6,78.733,63.933,63,-10.1
1979-01-09,63.88,77.52,128,5.0,0.0,-8.278563402889244,-28.074213483146067,-18.24,78.733,63.933,63,-9.0
1979-01-10,63.88,77.52,128,0.0,0.0,-9.9,-19.86,-14.879999999999999,78.733,63.933,63,-7.8
1979-01-11,63.88,77.52,128,0.0,0.0,30.69,10.89434991974318,20.728563402889247,78.733,63.933,63,-4.5
1979-01-13,63.88,77.52,128,0.0,0.0,-3.3,-10.14,-6.720000000000001,78.733,63.933,63,-4.4
1979-01-15,63.88,77.52,128,0.0,0.0,-4.4,-10.32,-7.36,78.733,63.933,63,-5.5
1979-01-20,63.88,77.52,128,0.0,0.0,73.76,-4.4,34.68,78.733,63.933,63,-7.8
1979-01-21,63.88,77.52,128,0.0,0.0,1.1,-11.9,-5.4,78.733,63.933,63,-5.2
1979-01-23,63.88,77.52,128,0.0,0.0,-9.9,-12.9,-11.4,78.733,63.933,63,-12.0
1979-01-24,63.88,77.52,128,0.0,0.0,-7.7,-12.9,-10.3,78.733,63.933,63,-8.8
1979-01-25,63.88,77.52,128,0.0,0.0,26.641436597110754,6.8457865168539325,16.68,78.733,63.933,63,-8.4
1979-01-26,63.88,77.52,128,0.0,0.0,-12.9,-17.58,-15.239999999999998,78.733,63.933,63,-9.7
1979-01-27,63.88,77.52,128,0.0,0.0,-4.4,-21.04,-12.719999999999999,78.733,63.933,63,-10.4
1979-01-28,63.88,77.52,128,0.0,0.0,-5.5,-12.9,-9.2,78.733,63.933,63,-10.6
1979-01-29,63.88,77.52,128,0.0,0.0,29.6,-4.4,12.600000000000001,78.733,63.933,63,-9.8
1979-01-30,63.88,77.52,128,0.0,0.0,-3.3,-13.76,-8.53,78.733,63.933,63,-8.8
1979-01-31,63.88,77.52,128,0.0,3.01,-1.1,-16.66,-8.88,78.733,63.933,63,-7.2
1979-02-01,63.88,77.52,128,0.0,0.0,1.1,-12.04,-5.47,78.733,63.933,63,-7.3
1979-02-02,63.88,77.52,128,0.0,0.0,3.3,-10.98,-3.8400000000000003,78.733,63.933,63,-3.4
1979-02-03,63.88,77.52,128,0.0,0.0,0.0,-4.3,-2.15,78.733,63.933,63,-1.6
1979-02-04,63.88,77.52,128,0.0,0.0,2.7614365971107544,-17.03421348314607,-7.2,78.733,63.933,63,-4.3
1979-02-05,63.88,77.52,128,0.0,0.0,19.14,-36.42,-8.64,78.733,63.933,63,-6.7
1979-02-06,63.88,77.52,128,0.0,0.0,3.3,-7.62,-2.16,78.733,63.933,63,0.8
1979-02-08,63.88,77.52,128,5.0,0.0,4.4,-0.8000000000000003,1.8,78.733,63.933,63,0.7
1979-02-09,63.88,77.52,128,0.0,0.0,2.2,-17.59565008025682,-7.761436597110754,78.733,63.933,63,-2.0
1979-02-10,63.88,77.52,128,0.0,0.0,1.1,-6.88,-2.8899999999999997,78.733,63.933,63,-2.5
1979-02-12,63.88,77.52,128,0.0,0.0,46.44,6.6,26.52,78.733,63.933,63,1.2
1979-02-14,63.88,77.52,128,0.0,0.0,8.8,-5.200000000000001,1.7999999999999998,78.733,63.933,63,2.2
1979-02-15,63.88,77.52,128,0.0,0.0,14.3,1.299999999999999,7.8,78.733,63.933,63,1.2
1979-02-16,63.88,77.52,128,0.0,0.0,23.1,-8.22,7.44,78.733,63.933,63,5.6
1979-02-17,63.88,77.52,128,0.0,0.0,9.241436597110754,-10.554213483146068,-0.72,78.733,63.933,63,-1.3
1979-02-19,63.88,77.52,128,0.0,0.0,-8.8,-14.0,-11.4,78.733,63.933,63,-8.0
1979-02-20,63.88,77.52,128,0.0,0.0,-6.6,-12.12,-9.36,78.733,63.933,63,-7.3
1979-02-21,63.88,77.52,128,0.0,0.0,-3.3,-9.420000000000002,-6.360000000000001,78.733,63.933,63,-3.2
1979-02-23,63.88,77.52,128,5.0,0.0,-3.3,-13.5,-8.4,78.733,63.933,63,-5.9
1979-02-24,63.88,77.52,128,0.0,0.0,-2.2,-15.560000000000002,-8.88,78.733,63.933,63,-6.5
1979-02-25,63.88,77.52,128,3.0,0.0,-3.3,-15.899999999999999,-9.6,78.733,63.933,63,-4.8
1979-02-26,63.88,77.52,128,0.0,0.0,-2.2,-13.64,-7.92,78.733,63.933,63,-4.8
1979-02-27,63.88,77.52,128,0.0,0.0,-2.2,-9.8,-6.0,78.733,63.933,63,-4.2
1979-03-01,63.88,77.52,128,0.0,0.0,31.560000000000002,-6.6,12.48,78.733,63.933,63,-8.0
1979-03-04,63.88,77.52,128,0.0,0.0,31.79,11.994349919743177,21.828563402889245,78.733,63.933,63,-9.0
1979-03-06,63.88,77.52,128,0.0,3.92,-2.398563402889245,-22.194213483146065,-12.36,78.733,63.933,63,-7.0
1979-03-07,63.88,77.52,128,0.0,0.0,3.3,-15.48,-6.09,78.733,63.933,63,-8.5
1979-03-15,63.88,77.52,128,0.0,3.38,15.4,4.279999999999999,9.84,78.733,63.933,63,-0.6
1979-03-16,63.88,77.52,128,0.0,0.0,15.4,1.8800000000000008,8.64,78.733,63.933,63,4.5
1979-03-17,63.88,77.52,128,0.0,0.0,7.7,-12.09565008025682,-2.2614365971107544,78.733,63.933,63,1.4
1979-03-18,63.88,77.52,128,0.0,0.0,18.52,-1.72,8.4,78.733,63.933,63,2.8
1979-03-19,63.88,77.52,128,0.0,0.0,25.3,10.7,18.0,78.733,63.933,63,7.8
1979-03-20,63.88,77.52,128,0.0,0.0,17.6,-2.1956500802568204,7.638563402889247,78.733,63.933,63,4.0
1979-03-21,63.88,77.52,128,0.0,0.0,31.91,19.8,25.855,78.733,63.933,63,2.2
1979-03-22,63.88,77.52,128,0.0,0.0,11.719999999999999,1.72,6.72,78.733,63.933,63,1.4
1979-03-23,63.88,77.52,128,0.0,0.0,7.7,-1.46,3.12,78.733,63.933,63,2.4
1979-03-24,63.88,77.52,128,0.0,0.0,17.6,-0.86,8.370000000000001,78.733,63.933,63,1.7
1979-03-25,63.88,77.52,128,0.0,0.0,19.8,17.2,18.5,78.733,63.933,63,3.3
1979-03-26,63.88,77.52,128,0.0,0.0,15.4,2.119999999999999,8.76,78.733,63.933,63,3.7
1979-03-27,63.88,77.52,128,0.0,0.0,16.619999999999997,2.58,9.599999999999998,78.733,63.933,63,3.8
1979-03-31,63.88,77.52,128,0.0,0.0,7.7,-2.9000000000000004,2.4,78.733,63.933,63,0.4
1979-04-01,63.88,77.52,128,0.0,3.23,23.56,13.2,18.38,78.733,63.933,63,2.0
1979-04-02,63.88,77.52,128,0.0,0.0,29.67,16.5,23.085,78.733,63.933,63,5.2
1979-04-04,63.88,77.52,128,0.0,0.0,33.2,9.9,21.55,78.733,63.933,63,3.6
1979-04-05,63.88,77.52,128,0.0,3.88,7.7,4.3,6.0,78.733,63.933,63,2.6
1979-04-06,63.88,77.52,128,0.0,0.0,18.7,5.539999999999999,12.12,78.733,63.933,63,9.4
1979-04-07,63.88,77.52,128,0.0,0.0,19.8,9.48,14.64,78.733,63.933,63,13.2
1979-04-08,63.88,77.52,128,0.0,0.0,22.0,9.68,15.84,78.733,63.933,63,7.6
1979-04-09,63.88,77.52,128,0.0,2.94,17.881436597110756,-1.9142134831460673,7.92,78.733,63.933,63,5.3
1979-04-10,63.88,77.52,128,0.0,0.0,25.37,-17.69,3.84,78.733,63.933,63,4.2
1979-04-12,63.88,77.52,128,0.0,0.0,22.321436597110754,2.525786516853932,12.36,78.733,63.933,63,8.3
1979-04-15,63.88,77.52,128,5.0,0.0,21.44,6.88,14.16,78.733,63.933,63,5.5
1979-04-16,63.88,77.52,128,41.0,0.0,15.4,9.319999999999999,12.36,78.733,63.933,63,11.2
1979-04-18,63.88,77.52,128,41.0,0.0,99.52000000000001,17.6,58.56,78.733,63.933,63,8.5
1979-04-19,63.88,77.52,128,0.0,0.0,30.121436597110755,10.325786516853933,20.16,78.733,63.933,63,13.8
1979-04-24,63.88,77.52,128,0.0,0.0,11.0,1.7200000000000006,6.36,78.733,63.933,63,5.2
1979-04-29,63.88,77.52,128,0.0,0.0,19.8,8.52,14.16,78.733,63.933,63,10.3
1979-04-30,63.88,77.52,128,0.0,0.0,18.7,13.220000000000002,15.96,78.733,63.933,63,11.2
1979-05-01,63.88,77.52,128,0.0,0.0,22.0,6.32,14.16,78.733,63.933,63,12.2
1979-05-02,63.88,77.52,128,0.0,0.0,23.1,8.099999999999998,15.6,78.733,63.933,63,11.2
1979-05-03,63.88,77.52,128,0.0,0.0,15.4,-4.3956500802568215,5.438563402889246,78.733,63.933,63,11.7
1979-05-04,63.88,77.52,128,0.0,0.0,24.2,11.320000000000004,17.76,78.733,63.933,63,12.8
1979-05-05,63.88,77.52,128,0.0,0.0,27.5,6.88,17.19,78.733,63.933,63,13.2
1979-05-08,63.88,77.52,128,0.0,0.0,25.3,5.504349919743179,15.338563402889246,78.733,63.933,63,15.3
1979-05-09,63.88,77.52,128,0.0,0.0,28.6,15.799999999999997,22.2,78.733,63.933,63,16.3
1979-05-11,63.88,77.52,128,0.0,0.0,25.3,9.499999999999996,17.4,78.733,63.933,63,15.4
1979-05-14,63.88,77.52,128,0.0,0.0,29.7,8.6,19.15,78.733,63.933,63,16.0
1979-05-19,63.88,77.52,128,0.0,0.0,70.72,30.8,50.76,78.733,63.933,63,19.0
1979-05-23,63.88,77.52,128,0.0,0.0,29.7,0.3000000000000007,15.0,78.733,63.933,63,16.0
1979-05-25,63.88,77.52,128,0.0,0.0,29.7,13.02,21.36,78.733,63.933,63,20.2
1979-05-26,63.88,77.52,128,0.0,0.0,30.121436597110755,10.325786516853933,20.16,78.733,63.933,63,14.3
1979-06-01,63.88,77.52,128,0.0,3.28,33.0,10.32,21.66,78.733,63.933,63,18.8
1979-06-02,63.88,77.52,128,0.0,0.0,36.0,10.32,23.16,78.733,63.933,63,20.8
1979-06-06,63.88,77.52,128,0.0,0.0,38.36,31.9,35.129999999999995,78.733,63.933,63,19.2
1979-06-07,63.88,77.52,128,0.0,2.99,67.25999999999999,29.7,48.48,78.733,63.933,63,19.3
1979-06-08,63.88,77.52,128,0.0,0.0,109.53999999999999,11.18,60.36,78.733,63.933,63,22.4
1979-06-11,63.88,77.52,128,0.0,0.0,30.8,11.004349919743179,20.838563402889246,78.733,63.933,63,16.4
1979-06-13,63.88,77.52,128,0.0,0.0,37.4,21.64,29.52,78.733,63.933,63,25.5
1979-06-14,63.88,77.52,128,0.0,2.21,28.6,14.119999999999997,21.36,78.733,63.933,63,18.2
1979-06-16,63.88,77.52,128,0.0,0.0,30.8,13.120000000000001,21.96,78.733,63.933,63,19.7
1979-06-18,63.88,77.52,128,0.0,0.0,42.961436597110755,23.165786516853935,33.0,78.733,63.933,63,24.6
1979-06-19,63.88,77.52,128,0.0,0.0,66.22,14.62,40.42,78.733,63.933,63,25.7
1979-06-22,63.88,77.52,128,0.0,0.0,42.9,31.020000000000003,36.96,78.733,63.933,63,27.7
1979-06-23,63.88,77.52,128,0.0,0.0,81.84,-11.760000000000005,35.04,78.733,63.933,63,26.4
1979-06-24,63.88,77.52,128,0.0,0.0,34.80143659711075,15.005786516853933,24.84,78.733,63.933,63,19.2
1979-06-25,63.88,77.52,128,0.0,0.0,29.92,13.76,21.84,78.733,63.933,63,20.4
1979-06-29,63.88,77.52,128,0.0,0.0,38.5,12.04,25.27,78.733,63.933,63,25.3
1979-06-30,63.88,77.52,128,0.0,0.0,40.7,26.5,33.6,78.733,63.933,63,28.8
1979-07-01,63.88,77.52,128,0.0,0.0,40.7,16.34,28.520000000000003,78.733,63.933,63,25.2
1979-07-03,63.88,77.52,128,0.0,0.0,49.46,14.62,32.04,78.733,63.933,63,28.3
1979-07-06,63.88,77.52,128,0.0,0.0,36.3,15.48,25.89,78.733,63.933,63,23.3
1979-07-07,63.88,77.52,128,0.0,0.0,38.5,17.2,27.85,78.733,63.933,63,27.7
1979-07-08,63.88,77.52,128,0.0,0.0,126.48000000000002,39.6,83.04,78.733,63.933,63,28.5
1979-07-09,63.88,77.52,128,0.0,0.0,65.56,18.92,42.24,78.733,63.933,63,26.6
1979-07-11,63.88,77.52,128,0.0,0.0,52.22,19.78,36.0,78.733,63.933,63,27.2
1979-07-12,63.88,77.52,128,0.0,0.0,39.6,18.92,29.26,78.733,63.933,63,27.2
1979-07-18,63.88,77.52,128,0.0,0.0,41.8,21.5,31.65,78.733,63.933,63,32.7
1979-07-19,63.88,77.52,128,0.0,2.97,45.961436597110755,26.165786516853935,36.0,78.733,63.933,63,28.2
1979-07-21,63.88,77.52,128,0.0,0.0,34.1,28.78,31.44,78.733,63.933,63,25.8
1979-07-27,63.88,77.52,128,0.0,0.0,44.0,17.2,30.6,78.733,63.933,63,30.3
1979-07-29,63.88,77.52,128,0.0,0.0,46.561436597110756,26.765786516853936,36.6,78.733,63.933,63,30.0
1979-07-30,63.88,77.52,128,0.0,0.0,141.07999999999998,22.36,81.72,78.733,63.933,63,32.4
1979-07-31,63.88,77.52,128,0.0,0.0,46.2,36.11999999999999,41.16,78.733,63.933,63,29.8
1979-08-01,63.88,77.52,128,0.0,0.0,46.2,36.11999999999999,41.16,78.733,63.933,63,29.3
1979-08-03,63.88,77.52,128,0.0,0.0,69.48143659711076,49.68578651685394,59.52,78.733,63.933,63,26.0
1979-08-04,63.88,77.52,128,0.0,0.0,34.1,13.76,23.93,78.733,63.933,63,25.8
1979-08-05,63.88,77.52,128,0.0,0.0,35.2,20.479999999999997,27.84,78.733,63.933,63,27.2
1979-08-06,63.88,77.52,128,0.0,0.0,46.96,38.5,42.730000000000004,78.733,63.933,63,27.2
1979-08-09,63.88,77.52,128,0.0,0.0,46.52,12.04,29.28,78.733,63.933,63,26.2
1979-08-10,63.88,77.52,128,0.0,0.0,41.8,16.34,29.07,78.733,63.933,63,27.0
1979-08-11,63.88,77.52,128,0.0,0.0,112.13999999999999,42.9,77.52,78.733,63.933,63,29.2
1979-08-13,63.88,77.52,128,0.0,0.0,40.561436597110756,20.765786516853936,30.6,78.733,63.933,63,25.5
1979-08-15,63.88,77.52,128,0.0,0.0,44.0,32.08,38.04,78.733,63.933,63,30.6
1979-08-18,63.88,77.52,128,0.0,0.0,33.0,15.48,24.240000000000002,78.733,63.933,63,24.0
1979-08-22,63.88,77.52,128,0.0,0.0,33.0,13.079999999999998,23.04,78.733,63.933,63,21.6
1979-08-24,63.88,77.52,128,0.0,0.0,33.0,11.18,22.09,78.733,63.933,63,21.6
1979-08-25,63.88,77.52,128,0.0,0.0,35.2,15.404349919743181,25.23856340288925,78.733,63.933,63,24.2
1979-08-26,63.88,77.52,128,0.0,0.0,35.2,11.18,23.19,78.733,63.933,63,24.2
1979-09-02,63.88,77.52,128,0.0,0.0,40.7,15.48,28.090000000000003,78.733,63.933,63,25.4
1979-09-03,63.88,77.52,128,0.0,0.0,86.5,40.7,63.6,78.733,63.933,63,28.2
1979-09-05,63.88,77.52,128,0.0,0.0,36.64,34.1,35.370000000000005,78.733,63.933,63,23.0
1979-09-07,63.88,77.52,128,0.0,0.0,30.8,12.879999999999999,21.84,78.733,63.933,63,21.7
1979-09-09,63.88,77.52,128,0.0,0.0,41.300000000000004,14.62,27.96,78.733,63.933,63,21.4
1979-09-10,63.88,77.52,128,0.0,0.0,35.2,23.36,29.28,78.733,63.933,63,23.7
1979-09-12,63.88,77.52,128,10.0,0.0,28.441436597110755,8.645786516853933,18.48,78.733,63.933,63,20.0
1979-09-13,63.88,77.52,128,10.0,0.0,26.4,14.399999999999999,20.4,78.733,63.933,63,18.5
1979-09-21,63.88,77.52,128,10.0,0.0,26.4,19.200000000000003,22.8,78.733,63.933,63,19.8
1979-09-24,63.88,77.52,128,0.0,0.0,27.5,11.86,19.68,78.733,63.933,63,17.3
1979-09-26,63.88,77.52,128,0.0,0.0,33.26,9.46,21.36,78.733,63.933,63,20.3
1979-09-28,63.88,77.52,128,0.0,0.0,30.8,10.32,20.560000000000002,78.733,63.933,63,18.8
1979-09-29,63.88,77.52,128,0.0,0.0,35.16143659711075,15.365786516853932,25.2,78.733,63.933,63,20.8
1979-10-03,63.88,77.52,128,0.0,0.0,33.0,16.439999999999998,24.72,78.733,63.933,63,19.0
1979-10-04,63.88,77.52,128,0.0,0.0,23.1,8.579999999999998,15.84,78.733,63.933,63,17.0
1979-10-05,63.88,77.52,128,0.0,0.0,20.041436597110753,0.24578651685393282,10.08,78.733,63.933,63,12.8
1979-10-06,63.88,77.52,128,0.0,0.0,15.4,6.200000000000001,10.8,78.733,63.933,63,12.4
1979-10-08,63.88,77.52,128,5.0,2.83,21.241436597110756,1.4457865168539321,11.28,78.733,63.933,63,10.7
1979-10-09,63.88,77.52,128,5.0,0.0,14.3,2.5,8.4,78.733,63.933,63,9.8
1979-10-10,63.88,77.52,128,0.0,0.0,15.4,2.5999999999999996,9.0,78.733,63.933,63,10.0
1979-10-17,63.88,77.52,128,61.0,0.0,16.5,11.34,13.92,78.733,63.933,63,14.4
1979-10-18,63.88,77.52,128,61.0,0.0,18.7,9.620000000000001,14.16,78.733,63.933,63,12.6
1979-10-19,63.88,77.52,128,51.0,0.0,66.48143659711076,46.68578651685394,56.52,78.733,63.933,63,13.2
1979-10-20,63.88,77.52,128,0.0,0.0,22.0,5.120000000000001,13.56,78.733,63.933,63,12.8
1979-10-23,63.88,77.52,128,0.0,0.0,17.6,8.799999999999997,13.2,78.733,63.933,63,14.3
1979-10-26,63.88,77.52,128,0.0,0.0,25.321436597110754,5.525786516853932,15.36,78.733,63.933,63,12.7
1979-10-27,63.88,77.52,128,0.0,0.0,12.1,-0.8200000000000003,5.64,78.733,63.933,63,5.7
1979-10-28,63.88,77.52,128,0.0,0.0,34.76,-25.64,4.559999999999999,78.733,63.933,63,3.4
1979-10-29,63.88,77.52,128,0.0,2.72,12.1,3.44,7.77,78.733,63.933,63,6.7
1979-10-31,63.88,77.52,128,0.0,0.0,12.1,3.44,7.77,78.733,63.933,63,5.8
1979-11-01,63.88,77.52,128,0.0,0.0,17.6,8.32,12.96,78.733,63.933,63,9.3
1979-11-03,63.88,77.52,128,0.0,0.0,57.76,17.6,37.68,78.733,63.933,63,7.4
1979-11-04,63.88,77.52,128,0.0,0.0,-3.959999999999999,-5.16,-4.56,78.733,63.933,63,0.3
1979-11-09,63.88,77.52,128,0.0,0.0,11.0,-7.640000000000001,1.6799999999999997,78.733,63.933,63,1.8
1979-11-10,63.88,77.52,128,0.0,0.0,5.5,-1.72,1.8900000000000001,78.733,63.933,63,2.5
1979-11-12,63.88,77.52,128,0.0,0.0,7.7,-1.46,3.12,78.733,63.933,63,1.6
1979-11-13,63.88,77.52,128,0.0,0.0,8.8,-8.8,0.0,78.733,63.933,63,2.7
1979-11-17,63.88,77.52,128,0.0,0.0,14.3,-7.580000000000001,3.36,78.733,63.933,63,4.8
1979-11-19,63.88,77.52,128,0.0,0.0,73.22,5.5,39.36,78.733,63.933,63,2.0
1979-11-21,63.88,77.52,128,0.0,0.0,8.8,-4.3,2.2500000000000004,78.733,63.933,63,2.8
1979-11-23,63.88,77.52,128,0.0,0.0,8.8,-6.02,1.3900000000000006,78.733,63.933,63,-0.5
1979-11-26,63.88,77.52,128,0.0,0.0,2.2,-4.3,-1.0499999999999998,78.733,63.933,63,2.0
1979-11-28,63.88,77.52,128,0.0,0.0,12.1,-7.695650080256822,2.138563402889245,78.733,63.933,63,3.2
1979-12-01,63.88,77.52,128,0.0,0.0,4.4,-6.02,-0.8099999999999996,78.733,63.933,63,1.2
1979-12-03,63.88,77.52,128,0.0,0.0,4.4,-6.800000000000001,-1.2000000000000002,78.733,63.933,63,1.2
1979-12-07,63.88,77.52,128,0.0,0.0,5.62,0.86,3.24,78.733,63.933,63,2.8
1979-12-10,63.88,77.52,128,0.0,0.0,6.6,-3.44,1.5799999999999998,78.733,63.933,63,0.7
1979-12-14,63.88,77.52,128,10.0,0.0,12.001436597110754,-7.794213483146067,2.04,78.733,63.933,63,1.7
1979-12-17,63.88,77.52,128,10.0,0.0,2.2,-7.48,-2.64,78.733,63.933,63,2.5
1979-12-20,63.88,77.52,128,3.0,0.0,2.1614365971107548,-17.634213483146066,-7.8,78.733,63.933,63,-3.2
1979-12-21,63.88,77.52,128,3.0,0.0,-3.3,-8.7,-6.0,78.733,63.933,63,-2.3
1979-12-22,63.88,77.52,128,3.0,0.0,23.09,16.51,19.8,78.733,63.933,63,-3.6
1979-12-23,63.88,77.52,128,0.0,0.0,-4.3,-4.580000000000001,-4.44,78.733,63.933,63,-3.2
1979-12-25,63.88,77.52,128,0.0,0.0,32.56,15.82,24.19,78.733,63.933,63,0.2
1979-12-26,63.88,77.52,128,0.0,0.0,0.0,-4.32,-2.16,78.733,63.933,63,-0.7
1979-12-27,63.88,77.52,128,0.0,0.0,-1.1,-10.18,-5.64,78.733,63.933,63,-1.0
1979-12-28,63.88,77.52,128,51.0,0.0,-4.4,-10.959999999999999,-7.68,78.733,63.933,63,-1.3
1979-12-30,63.88,77.52,128,51.0,0.0,-3.3,-9.899999999999999,-6.6,78.733,63.933,63,-4.2
1980-01-03,63.88,77.52,128,0.0,0.0,0.0,-4.32,-2.16,78.733,63.933,63,-1.7
1980-01-04,63.88,77.52,128,0.0,0.0,0.0,-4.32,-2.16,78.733,63.933,63,-2.7
1980-01-05,63.88,77.52,128,0.0,0.0,-4.4,-7.119999999999999,-5.76,78.733,63.933,63,-2.6
1980-01-07,63.88,77.52,128,0.0,0.0,-6.6,-13.08,-9.84,78.733,63.933,63,-5.2
1980-01-08,63.88,77.52,128,0.0,0.0,-8.8,-26.720000000000002,-17.76,78.733,63.933,63,-8.2
1980-01-09,63.88,77.52,128,0.0,0.0,-14.3,-32.019999999999996,-23.159999999999997,78.733,63.933,63,-10.4
1980-01-10,63.88,77.52,128,0.0,0.0,-11.0,-19.72,-15.36,78.733,63.933,63,-8.0
1980-01-13,63.88,77.52,128,0.0,3.83,-3.838563402889246,-23.63421348314607,-13.8,78.733,63.933,63,-7.7
1980-01-14,63.88,77.52,128,0.0,0.0,-14.878563402889245,-34.67421348314607,-24.84,78.733,63.933,63,-12.5
1980-01-15,63.88,77.52,128,0.0,0.0,32.72,-24.08,4.32,78.733,63.933,63,-12.4
1980-01-16,63.88,77.52,128,0.0,0.0,-12.1,-21.5,-16.8,78.733,63.933,63,-17.1
1980-01-20,63.88,77.52,128,0.0,0.0,-8.8,-18.92,-13.860000000000001,78.733,63.933,63,-14.3
1980-01-23,63.88,77.52,128,0.0,0.0,-15.478563402889247,-35.27421348314607,-25.44,78.733,63.933,63,-18.0
1980-01-25,63.88,77.52,128,0.0,0.0,-9.9,-23.700000000000003,-16.8,78.733,63.933,63,-9.6
1980-01-26,63.88,77.52,128,0.0,0.0,-11.0,-31.72,-21.36,78.733,63.933,63,-12.7
1980-01-29,63.88,77.52,128,0.0,0.0,-2.2,-7.3999999999999995,-4.8,78.733,63.933,63,-3.8
1980-01-30,63.88,77.52,128,0.0,0.0,-8.758563402889244,-28.554213483146064,-18.72,78.733,63.933,63,-8.7
1980-02-02,63.88,77.52,128,0.0,0.0,-2.638563402889245,-22.434213483146067,-12.6,78.733,63.933,63,-11.2
1980-02-04,63.88,77.52,128,0.0,0.0,-8.8,-22.88,-15.84,78.733,63.933,63,-14.6
1980-02-05,63.88,77.52,128,0.0,0.0,-9.9,-25.620000000000005,-17.76,78.733,63.933,63,-16.0
1980-02-09,63.88,77.52,128,0.0,0.0,-7.7,-19.42,-13.56,78.733,63.933,63,-14.1
1980-02-10,63.88,77.52,128,0.0,0.0,-2.2,-21.8,-12.0,78.733,63.933,63,-12.5
1980-02-12,63.88,77.52,128,0.0,0.0,2.2,-11.8,-4.800000000000001,78.733,63.933,63,-4.8
1980-02-14,63.88,77.52,128,0.0,0.0,0.0,-9.12,-4.56,78.733,63.933,63,-5.2
1980-02-15,63.88,77.52,128,0.0,0.0,-1.1,-3.44,-2.27,78.733,63.933,63,-4.0
1980-02-16,63.88,77.52,128,0.0,0.0,-1.1,-8.26,-4.68,78.733,63.933,63,-4.7
1980-02-18,63.88,77.52,128,0.0,0.0,3.361436597110755,-16.434213483146067,-6.6,78.733,63.933,63,-9.3
1980-02-19,63.88,77.52,128,0.0,0.0,0.0,-12.96,-6.48,78.733,63.933,63,-4.2
1980-02-20,63.88,77.52,128,3.0,0.0,-6.6,-12.6,-9.6,78.733,63.933,63,-7.8
1980-02-22,63.88,77.52,128,3.0,0.0,2.2,-9.46,-3.6300000000000003,78.733,63.933,63,-4.5
1980-02-25,63.88,77.52,128,20.0,0.0,5.5,-32.86,-13.68,78.733,63.933,63,-13.8
1980-02-26,63.88,77.52,128,0.0,0.0,-12.36,-15.48,-13.92,78.733,63.933,63,-14.2
1980-02-28,63.88,77.52,128,0.0,0.0,-5.038563402889245,-24.834213483146065,-15.0,78.733,63.933,63,-14.7
1980-02-29,63.88,77.52,128,0.0,0.0,-1.4385634028892458,-21.234213483146068,-11.4,78.733,63.933,63,-15.4
1980-03-02,63.88,77.52,128,0.0,0.0,-2.2,-10.32,-6.26,78.733,63.933,63,-7.0
1980-03-03,63.88,77.52,128,30.0,0.0,-4.4,-11.2,-7.8,78.733,63.933,63,-6.0
1980-03-04,63.88,77.52,128,30.0,0.0,0.0,-10.56,-5.28,78.733,63.933,63,-13.0
1980-03-06,63.88,77.52,128,30.0,0.0,7.7,-9.38,-0.8400000000000003,78.733,63.933,63,-2.2
1980-03-07,63.88,77.52,128,0.0,0.0,26.29,-31.81,-2.76,78.733,63.933,63,-4.2
1980-03-09,63.88,77.52,128,0.0,0.0,-0.5985634028892459,-20.394213483146068,-10.56,78.733,63.933,63,-10.7
1980-03-12,63.88,77.52,128,0.0,0.0,-1.7985634028892452,-21.594213483146067,-11.76,78.733,63.933,63,-10.2
1980-03-15,63.88,77.52,128,0.0,0.0,-8.319999999999999,-13.76,-11.04,78.733,63.933,63,-8.7
1980-03-17,63.88,77.52,128,0.0,0.0,3.3,-14.34,-5.52,78.733,63.933,63,-5.8
1980-03-19,63.88,77.52,128,0.0,0.0,5.5,-1.9,1.8,78.733,63.933,63,0.3
1980-03-20,63.88,77.52,128,0.0,0.0,-0.6799999999999999,-1.72,-1.2,78.733,63.933,63,0.0
1980-03-22,63.88,77.52,128,0.0,0.0,98.44,-1.72,48.36,78.733,63.933,63,1.3
1980-03-23,63.88,77.52,128,0.0,0.0,25.54,0.86,13.2,78.733,63.933,63,0.7
1980-03-24,63.88,77.52,128,0.0,0.0,7.7,-4.34,1.6800000000000002,78.733,63.933,63,2.0
1980-03-25,63.88,77.52,128,0.0,0.0,5.5,-8.379999999999999,-1.4399999999999995,78.733,63.933,63,-1.0
1980-03-27,63.88,77.52,128,0.0,0.0,6.6,-11.399999999999999,-2.3999999999999995,78.733,63.933,63,-0.6
1980-03-28,63.88,77.52,128,0.0,0.0,6.6,-4.3,-2.3999999999999995,78.733,63.933,63,0.4
1980-03-30,63.88,77.52,128,0.0,0.0,26.48,6.88,16.68,78.733,63.933,63,13.3
1980-04-01,63.88,77.52,128,0.0,0.0,13.2,4.3,8.75,78.733,63.933,63,3.7
1980-04-07,63.88,77.52,128,0.0,2.91,15.4,7.4,11.4,78.733,63.933,63,6.2
1980-04-08,63.88,77.52,128,0.0,0.0,20.041436597110753,0.24578651685393282,10.08,78.733,63.933,63,6.8
1980-04-09,63.88,77.52,128,0.0,0.0,16.5,-3.295650080256822,6.538563402889245,78.733,63.933,63,3.8
1980-04-14,63.88,77.52,128,0.0,3.35,17.12,6.88,12.0,78.733,63.933,63,7.4
1980-04-20,63.88,77.52,128,0.0,0.0,23.1,5.219999999999999,14.16,78.733,63.933,63,10.4
1980-04-22,63.88,77.52,128,0.0,0.0,25.561436597110756,5.765786516853932,15.6,78.733,63.933,63,13.0
1980-04-23,63.88,77.52,128,30.0,0.0,25.561436597110756,5.765786516853932,15.6,78.733,63.933,63,14.8
1980-04-27,63.88,77.52,128,30.0,0.0,23.1,5.16,14.13,78.733,63.933,63,12.4
1980-04-28,63.88,77.52,128,30.0,0.0,23.1,6.88,14.13,78.733,63.933,63,12.8
1980-04-30,63.88,77.52,128,30.0,0.0,25.3,7.74,16.52,78.733,63.933,63,12.7
1980-05-03,63.88,77.52,128,30.0,0.0,27.5,13.299999999999997,20.4,78.733,63.933,63,16.0
1980-05-04,63.88,77.52,128,30.0,0.0,68.16143659711076,48.36578651685394,58.2,78.733,63.933,63,19.8
1980-05-11,63.88,77.52,128,0.0,0.0,26.521436597110753,6.7257865168539315,16.56,78.733,63.933,63,14.0
1980-05-16,63.88,77.52,128,0.0,0.0,30.8,21.040000000000003,25.92,78.733,63.933,63,18.4
1980-05-28,63.88,77.52,128,0.0,3.9,45.41,7.8700000000000045,26.64,78.733,63.933,63,24.0
1980-06-01,63.88,77.52,128,0.0,0.0,33.0,10.32,21.66,78.733,63.933,63,22.2
1980-06-02,63.88,77.52,128,0.0,2.22,33.0,18.6,25.8,78.733,63.933,63,20.3
1980-06-07,63.88,77.52,128,0.0,0.0,43.561436597110756,23.765786516853936,33.6,78.733,63.933,63,24.6
1980-06-08,63.88,77.52,128,0.0,0.0,43.08143659711075,23.285786516853932,33.12,78.733,63.933,63,25.6
1980-06-09,63.88,77.52,128,0.0,0.0,44.040000000000006,15.48,29.760000000000005,78.733,63.933,63,25.7
1980-06-13,63.88,77.52,128,0.0,0.0,41.11,18.89,30.0,78.733,63.933,63,22.8
1980-06-14,63.88,77.52,128,0.0,0.0,43.20143659711076,23.405786516853937,33.24,78.733,63.933,63,26.0
1980-06-17,63.88,77.52,128,0.0,0.0,26.4,19.200000000000003,22.8,78.733,63.933,63,22.3
1980-06-18,63.88,77.52,128,0.0,0.0,35.881436597110756,16.085786516853936,25.92,78.733,63.933,63,21.6
1980-06-29,63.88,77.52,128,0.0,0.0,38.44,23.0,30.72,78.733,63.933,63,25.3
1980-06-30,63.88,77.52,128,0.0,0.0,47.9,37.4,42.65,78.733,63.933,63,25.6
1980-07-04,63.88,77.52,128,0.0,0.0,70.29,19.78,45.035000000000004,78.733,63.933,63,30.2
1980-07-05,63.88,77.52,128,0.0,0.0,41.8,19.78,30.79,78.733,63.933,63,31.0
1980-07-06,63.88,77.52,128,0.0,0.0,44.0,17.2,30.6,78.733,63.933,63,29.8
1980-07-08,63.88,77.52,128,0.0,0.0,43.67999999999999,20.64,32.16,78.733,63.933,63,28.2
1980-07-11,63.88,77.52,128,0.0,0.0,70.91,35.17,53.04,78.733,63.933,63,26.0
1980-07-14,63.88,77.52,128,0.0,0.0,49.08143659711075,29.285786516853932,39.12,78.733,63.933,63,28.6
1980-07-16,63.88,77.52,128,0.0,0.0,45.241436597110756,25.445786516853936,35.28,78.733,63.933,63,30.2
1980-07-22,63.88,77.52,128,0.0,0.0,41.8,33.08,37.44,78.733,63.933,63,27.2
1980-07-25,63.88,77.52,128,0.0,0.0,37.4,25.72,31.56,78.733,63.933,63,27.2
1980-07-26,63.88,77.52,128,0.0,0.0,42.84143659711076,23.045786516853937,32.88,78.733,63.933,63,27.3
1980-07-28,63.88,77.52,128,0.0,0.0,42.74,26.139999999999993,34.44,78.733,63.933,63,28.7
1980-07-29,63.88,77.52,128,0.0,0.0,39.6,20.879999999999995,30.24,78.733,63.933,63,26.8
1980-07-30,63.88,77.52,128,0.0,3.4,48.959999999999994,20.64,34.8,78.733,63.933,63,28.0
1980-07-31,63.88,77.52,128,0.0,0.0,40.9,21.5,31.2,78.733,63.933,63,28.0
1980-08-02,63.88,77.52,128,0.0,0.0,39.961436597110755,20.165786516853935,30.0,78.733,63.933,63,24.8
1980-08-03,63.88,77.52,128,0.0,0.0,39.961436597110755,15.48,30.0,78.733,63.933,63,27.3
1980-08-12,63.88,77.52,128,0.0,0.0,34.620000000000005,12.9,23.76,78.733,63.933,63,24.0
1980-08-15,63.88,77.52,128,0.0,0.0,37.20143659711076,17.40578651685393,27.24,78.733,63.933,63,25.6
1980-08-16,63.88,77.52,128,0.0,0.0,36.3,28.019999999999996,32.16,78.733,63.933,63,24.6
1980-08-18,63.88,77.52,128,0.0,2.28,112.04,41.8,76.92,78.733,63.933,63,27.5
1980-08-19,63.88,77.52,128,0.0,0.0,54.18,42.9,48.54,78.733,63.933,63,30.0
1980-08-22,63.88,77.52,128,0.0,0.0,30.8,8.6,19.7,78.733,63.933,63,20.2
1980-08-24,63.88,77.52,128,0.0,0.0,39.72143659711075,19.925786516853933,29.76,78.733,63.933,63,23.2
1980-08-25,63.88,77.52,128,0.0,0.0,39.6,12.04,25.82,78.733,63.933,63,24.5
1980-08-27,63.88,77.52,128,0.0,0.0,31.9,21.620000000000005,26.76,78.733,63.933,63,25.0
1980-08-28,63.88,77.52,128,0.0,0.0,28.6,17.72,23.16,78.733,63.933,63,21.0
1980-08-29,63.88,77.52,128,0.0,2.0,26.4,17.759999999999998,22.08,78.733,63.933,63,19.7
1980-08-31,63.88,77.52,128,0.0,0.0,25.3,5.16,15.23,78.733,63.933,63,14.5
1980-09-01,63.88,77.52,128,0.0,0.0,29.500000000000004,6.02,17.76,78.733,63.933,63,17.4
1980-09-06,63.88,77.52,128,0.0,0.0,27.5,18.1,22.8,78.733,63.933,63,20.6
1980-09-07,63.88,77.52,128,0.0,0.0,29.7,9.180000000000003,19.44,78.733,63.933,63,19.5
1980-09-09,63.88,77.52,128,0.0,2.28,28.321436597110754,8.525786516853932,18.36,78.733,63.933,63,18.0
1980-09-14,63.88,77.52,128,0.0,0.0,53.57,-24.29,14.64,78.733,63.933,63,16.8
1980-09-15,63.88,77.52,128,0.0,0.0,30.080000000000002,6.88,18.48,78.733,63.933,63,17.3
1980-09-16,63.88,77.52,128,0.0,0.0,31.9,12.259999999999998,22.08,78.733,63.933,63,20.0
1980-09-17,63.88,77.52,128,0.0,0.0,73.15,-17.230000000000004,27.96,78.733,63.933,63,25.2
