DATE,LATITUDE_B,LONGITUDE_B,ELEVATION_B,tmax_b,tmin_b,Tavg_B,LONGITUDE,LATITUDE,TAVG,ELEVATION
1974-08-09,62.95,79.82,66,32.96,14.48,23.72,78.733,63.933,24.7,63
1974-08-10,62.95,79.82,66,43.92,36.81,40.365,78.733,63.933,24.8,63
1974-08-11,62.95,79.82,66,35.31,15.76,25.535,78.733,63.933,24.8,63
1974-10-06,62.95,79.82,66,49.76,2.32,26.04,78.733,63.933,15.7,63
1975-01-28,62.95,79.82,66,3.32,-6.8,-1.74,78.733,63.933,-4.2,63
1975-02-17,62.95,79.82,66,10.7,-6.16,2.2699999999999996,78.733,63.933,-3.5,63
1975-03-19,62.95,79.82,66,26.75,5.36,16.055,78.733,63.933,2.8,63
1975-03-28,62.95,79.82,66,26.43,6.16,16.295,78.733,63.933,7.4,63
1975-03-29,62.95,79.82,66,19.69,3.44,11.565000000000001,78.733,63.933,6.2,63
1975-03-30,62.95,79.82,66,11.45,3.68,7.5649999999999995,78.733,63.933,5.5,63
1975-03-31,62.95,79.82,66,35.74,1.92,18.830000000000002,78.733,63.933,6.0,63
1975-04-01,62.95,79.82,66,10.81,1.52,6.165,78.733,63.933,6.2,63
1975-04-05,62.95,79.82,66,22.26,1.36,11.81,78.733,63.933,7.6,63
1975-04-18,62.95,79.82,66,22.26,8.08,15.170000000000002,78.733,63.933,11.8,63
1975-04-26,62.95,79.82,66,26.75,3.6,15.175,78.733,63.933,11.8,63
1975-05-22,62.95,79.82,66,31.03,13.68,22.355,78.733,63.933,14.7,63
1975-06-10,62.95,79.82,66,37.13,12.08,24.605,78.733,63.933,23.5,63
1975-06-17,62.95,79.82,66,36.92,14.48,25.700000000000003,78.733,63.933,24.3,63
1975-06-29,62.95,79.82,66,38.52,14.96,26.740000000000002,78.733,63.933,25.6,63
1975-07-02,62.95,79.82,66,42.8,39.12,40.959999999999994,78.733,63.933,28.8,63
1975-07-03,62.95,79.82,66,42.26,36.4,39.33,78.733,63.933,28.0,63
1975-07-10,62.95,79.82,66,44.4,15.28,29.84,78.733,63.933,30.5,63
1975-07-11,62.95,79.82,66,46.87,19.36,33.114999999999995,78.733,63.933,29.2,63
1975-07-14,62.95,79.82,66,59.39,16.88,38.135,78.733,63.933,26.2,63
1975-07-22,62.95,79.82,66,35.84,14.08,24.96,78.733,63.933,26.2,63
1975-07-24,62.95,79.82,66,36.92,13.52,25.22,78.733,63.933,26.0,63
1975-07-25,62.95,79.82,66,76.51,14.48,45.495000000000005,78.733,63.933,27.2,63
1975-07-26,62.95,79.82,66,40.45,15.68,28.065,78.733,63.933,26.5,63
1975-08-03,62.95,79.82,66,39.52,37.45,38.485,78.733,63.933,27.5,63
1975-08-06,62.95,79.82,66,71.16,16.16,43.66,78.733,63.933,30.0,63
1975-08-09,62.95,79.82,66,35.2,14.48,24.840000000000003,78.733,63.933,24.6,63
1975-08-10,62.95,79.82,66,33.71,12.08,22.895,78.733,63.933,24.8,63
1975-08-12,62.95,79.82,66,37.34,18.16,27.75,78.733,63.933,24.3,63
1975-08-13,62.95,79.82,66,32.31,13.68,22.995,78.733,63.933,24.5,63
1975-08-16,62.95,79.82,66,30.17,15.28,22.725,78.733,63.933,22.0,63
1975-09-05,62.95,79.82,66,29.96,11.36,20.66,78.733,63.933,22.7,63
1975-09-06,62.95,79.82,66,27.82,6.4,17.11,78.733,63.933,21.2,63
1975-09-09,62.95,79.82,66,31.56,8.88,20.22,78.733,63.933,20.0,63
1975-09-14,62.95,79.82,66,31.89,11.28,21.585,78.733,63.933,19.3,63
1975-09-22,62.95,79.82,66,30.5,8.88,19.69,78.733,63.933,22.2,63
1975-09-27,62.95,79.82,66,28.25,7.28,17.765,78.733,63.933,19.2,63
1975-10-07,62.95,79.82,66,49.43,6.32,27.875,78.733,63.933,17.2,63
1975-10-17,62.95,79.82,66,8.13,-1.6,3.2650000000000006,78.733,63.933,4.6,63
1975-10-24,62.95,79.82,66,12.95,12.72,12.835,78.733,63.933,4.8,63
1975-10-27,62.95,79.82,66,23.22,-2.8,10.209999999999999,78.733,63.933,7.7,63
1975-10-30,62.95,79.82,66,40.66,-0.8,19.93,78.733,63.933,0.0,63
1975-11-10,62.95,79.82,66,5.35,-8.96,-1.8050000000000006,78.733,63.933,-1.2,63
1975-11-11,62.95,79.82,66,10.16,-8.72,0.7199999999999998,78.733,63.933,0.6,63
1975-11-13,62.95,79.82,66,3.32,-5.6,-1.14,78.733,63.933,-2.0,63
1975-11-14,62.95,79.82,66,0.11,-8.0,-3.945,78.733,63.933,-2.6,63
1975-11-15,62.95,79.82,66,3.32,-8.88,-2.7800000000000002,78.733,63.933,-2.8,63
1975-11-16,62.95,79.82,66,3.74,-10.4,-3.33,78.733,63.933,0.4,63
1975-11-19,62.95,79.82,66,30.28,-0.72,14.780000000000001,78.733,63.933,1.0,63
1975-11-26,62.95,79.82,66,8.02,-4.24,1.8899999999999997,78.733,63.933,2.5,63
1975-12-02,62.95,79.82,66,19.92,1.07,10.495000000000001,78.733,63.933,0.3,63
1975-12-05,62.95,79.82,66,1.18,-2.24,-0.5300000000000001,78.733,63.933,-0.2,63
1975-12-07,62.95,79.82,66,-0.54,-7.2,-3.87,78.733,63.933,-3.7,63
1975-12-08,62.95,79.82,66,1.82,-8.8,-3.49,78.733,63.933,-4.2,63
1975-12-09,62.95,79.82,66,1.82,-9.44,-3.8099999999999996,78.733,63.933,-3.6,63
1975-12-11,62.95,79.82,66,20.32,7.7,14.01,78.733,63.933,-1.2,63
1975-12-13,62.95,79.82,66,5.03,-1.28,1.875,78.733,63.933,-0.6,63
1975-12-15,62.95,79.82,66,-1.07,-8.32,-4.695,78.733,63.933,-5.5,63
1975-12-17,62.95,79.82,66,5.35,-6.72,-0.685,78.733,63.933,-1.2,63
1975-12-18,62.95,79.82,66,4.28,-6.24,-0.98,78.733,63.933,-1.0,63
1975-12-21,62.95,79.82,66,11.98,-4.48,3.75,78.733,63.933,1.0,63
1975-12-26,62.95,79.82,66,5.35,-1.92,1.7149999999999999,78.733,63.933,0.8,63
1975-12-27,62.95,79.82,66,10.06,-2.0,4.03,78.733,63.933,0.0,63
1975-12-28,62.95,79.82,66,8.56,-0.4,4.08,78.733,63.933,0.0,63
1975-12-30,62.95,79.82,66,0.54,-3.12,-1.29,78.733,63.933,1.7,63
1976-01-04,62.95,79.82,66,3.42,-2.72,0.34999999999999987,78.733,63.933,-1.6,63
1976-01-06,62.95,79.82,66,13.91,-2.32,5.795,78.733,63.933,2.8,63
1976-01-07,62.95,79.82,66,6.42,-1.2,2.61,78.733,63.933,-0.3,63
1976-01-08,62.95,79.82,66,31.67,-2.0,14.835,78.733,63.933,-3.8,63
1976-01-13,62.95,79.82,66,-0.86,-3.2,-2.0300000000000002,78.733,63.933,-1.8,63
1976-01-15,62.95,79.82,66,3.85,-3.52,0.16500000000000004,78.733,63.933,-2.5,63
1976-01-16,62.95,79.82,66,1.93,-7.2,-2.6350000000000002,78.733,63.933,-3.5,63
1976-01-18,62.95,79.82,66,4.17,-1.12,1.525,78.733,63.933,-0.5,63
1976-01-19,62.95,79.82,66,7.49,-2.8,2.345,78.733,63.933,0.0,63
1976-01-26,62.95,79.82,66,-2.14,-7.68,-4.91,78.733,63.933,-4.5,63
1976-02-08,62.95,79.82,66,0.32,-2.56,-1.12,78.733,63.933,-4.8,63
1976-02-12,62.95,79.82,66,-8.99,-13.12,-11.055,78.733,63.933,-10.4,63
1976-02-13,62.95,79.82,66,-4.71,-13.36,-9.035,78.733,63.933,-11.5,63
1976-02-14,62.95,79.82,66,-8.56,-12.0,-10.280000000000001,78.733,63.933,-13.3,63
1976-02-17,62.95,79.82,66,-8.88,-15.6,-12.24,78.733,63.933,-16.3,63
1976-02-22,62.95,79.82,66,-0.11,-6.4,-3.2550000000000003,78.733,63.933,-5.2,63
1976-02-24,62.95,79.82,66,-5.35,-12.32,-8.835,78.733,63.933,-14.2,63
1976-02-26,62.95,79.82,66,26.96,-12.88,7.04,78.733,63.933,-13.4,63
1976-03-02,62.95,79.82,66,39.38,-5.12,17.130000000000003,78.733,63.933,-4.5,63
1976-03-06,62.95,79.82,66,1.5,-6.8,-2.65,78.733,63.933,-8.4,63
1976-03-13,62.95,79.82,66,8.56,-5.36,1.6,78.733,63.933,-4.3,63
1976-03-16,62.95,79.82,66,-0.43,-3.2,-1.8150000000000002,78.733,63.933,-6.0,63
1976-03-24,62.95,79.82,66,2.46,-2.0,0.22999999999999998,78.733,63.933,-3.3,63
1976-03-28,62.95,79.82,66,9.95,-5.52,2.215,78.733,63.933,-5.0,63
1976-03-31,62.95,79.82,66,17.12,-0.8,8.16,78.733,63.933,-0.5,63
1976-04-02,62.95,79.82,66,7.49,1.68,4.585,78.733,63.933,2.0,63
1976-04-05,62.95,79.82,66,19.37,-0.8,9.285,78.733,63.933,4.2,63
1976-04-11,62.95,79.82,66,24.93,1.28,13.105,78.733,63.933,6.0,63
1976-04-21,62.95,79.82,66,23.65,7.68,15.665,78.733,63.933,9.8,63
1976-04-26,62.95,79.82,66,52.43,9.6,31.015,78.733,63.933,4.0,63
1976-04-28,62.95,79.82,66,25.36,23.36,24.36,78.733,63.933,7.0,63
1976-04-29,62.95,79.82,66,26.54,6.48,16.509999999999998,78.733,63.933,7.2,63
1976-04-30,62.95,79.82,66,27.28,5.36,16.32,78.733,63.933,14.0,63
1976-05-02,62.95,79.82,66,31.78,9.28,20.53,78.733,63.933,16.4,63
1976-05-03,62.95,79.82,66,32.85,9.28,21.065,78.733,63.933,13.8,63
1976-05-05,62.95,79.82,66,71.48,31.68,51.58,78.733,63.933,11.2,63
1976-05-11,62.95,79.82,66,32.42,11.28,21.85,78.733,63.933,17.5,63
1976-05-19,62.95,79.82,66,32.21,13.28,22.745,78.733,63.933,18.2,63
1976-05-20,62.95,79.82,66,33.71,11.84,22.775,78.733,63.933,23.0,63
1976-05-22,62.95,79.82,66,31.99,12.0,21.994999999999997,78.733,63.933,20.0,63
1976-05-23,62.95,79.82,66,52.54,11.68,32.11,78.733,63.933,21.4,63
1976-05-28,62.95,79.82,66,29.0,14.16,21.58,78.733,63.933,19.0,63
1976-06-03,62.95,79.82,66,35.84,12.4,24.12,78.733,63.933,20.8,63
1976-06-09,62.95,79.82,66,31.56,12.08,21.82,78.733,63.933,21.4,63
1976-06-10,62.95,79.82,66,36.49,11.68,24.085,78.733,63.933,23.4,63
1976-06-12,62.95,79.82,66,38.09,17.28,27.685000000000002,78.733,63.933,22.8,63
1976-06-17,62.95,79.82,66,37.88,12.32,25.1,78.733,63.933,24.8,63
1976-06-18,62.95,79.82,66,39.27,13.68,26.475,78.733,63.933,23.8,63
1976-06-25,62.95,79.82,66,43.66,15.76,29.709999999999997,78.733,63.933,29.0,63
1976-07-02,62.95,79.82,66,35.1,14.16,24.630000000000003,78.733,63.933,22.4,63
1976-07-05,62.95,79.82,66,28.89,12.96,20.925,78.733,63.933,24.0,63
1976-07-10,62.95,79.82,66,36.38,35.84,36.11,78.733,63.933,24.0,63
1976-07-12,62.95,79.82,66,42.69,15.52,29.104999999999997,78.733,63.933,29.2,63
1976-07-14,62.95,79.82,66,41.3,19.6,30.45,78.733,63.933,27.5,63
1976-07-22,62.95,79.82,66,35.42,13.68,24.55,78.733,63.933,24.5,63
1976-07-23,62.95,79.82,66,34.67,13.44,24.055,78.733,63.933,25.8,63
1976-07-24,62.95,79.82,66,34.99,14.08,24.535,78.733,63.933,25.0,63
1976-07-26,62.95,79.82,66,38.73,14.0,26.365,78.733,63.933,24.4,63
1976-07-28,62.95,79.82,66,40.66,15.68,28.169999999999998,78.733,63.933,28.5,63
1976-07-29,62.95,79.82,66,40.66,16.32,28.49,78.733,63.933,26.8,63
1976-07-31,62.95,79.82,66,38.52,15.52,27.020000000000003,78.733,63.933,27.8,63
1976-08-03,62.95,79.82,66,41.52,15.68,28.6,78.733,63.933,27.0,63
1976-08-05,62.95,79.82,66,40.02,16.08,28.05,78.733,63.933,28.8,63
1976-08-08,62.95,79.82,66,41.3,16.64,28.97,78.733,63.933,28.8,63
1976-08-12,62.95,79.82,66,35.52,34.45,34.985,78.733,63.933,26.8,63
1976-08-14,62.95,79.82,66,32.64,14.4,23.52,78.733,63.933,25.8,63
1976-08-16,62.95,79.82,66,44.88,35.1,39.99,78.733,63.933,24.8,63
1976-08-18,62.95,79.82,66,32.74,12.88,22.810000000000002,78.733,63.933,25.0,63
1976-08-20,62.95,79.82,66,36.38,11.6,23.990000000000002,78.733,63.933,24.6,63
1976-08-22,62.95,79.82,66,39.59,13.52,26.555,78.733,63.933,27.4,63
1976-08-23,62.95,79.82,66,39.7,14.48,27.090000000000003,78.733,63.933,27.5,63
1976-08-24,62.95,79.82,66,36.92,14.56,25.740000000000002,78.733,63.933,25.8,63
1976-08-25,62.95,79.82,66,35.31,14.16,24.735,78.733,63.933,25.8,63
1976-08-27,62.95,79.82,66,35.31,12.08,23.695,78.733,63.933,26.0,63
1976-08-28,62.95,79.82,66,37.77,12.32,25.045,78.733,63.933,25.2,63
1976-08-30,62.95,79.82,66,41.6,35.84,38.72,78.733,63.933,24.3,63
1976-09-02,62.95,79.82,66,29.1,8.64,18.87,78.733,63.933,22.5,63
1976-09-03,62.95,79.82,66,30.17,8.88,19.525000000000002,78.733,63.933,21.5,63
1976-09-06,62.95,79.82,66,33.38,9.6,21.490000000000002,78.733,63.933,23.0,63
1976-09-07,62.95,79.82,66,31.99,9.76,20.875,78.733,63.933,22.3,63
1976-09-08,62.95,79.82,66,33.6,10.0,21.8,78.733,63.933,21.5,63
1976-09-12,62.95,79.82,66,24.08,8.4,16.24,78.733,63.933,16.8,63
1976-09-13,62.95,79.82,66,22.26,2.56,12.41,78.733,63.933,17.2,63
1976-09-23,62.95,79.82,66,55.75,3.6,29.675,78.733,63.933,17.7,63
1976-09-24,62.95,79.82,66,26.64,7.04,16.84,78.733,63.933,17.2,63
1976-09-27,62.95,79.82,66,59.28,6.08,32.68,78.733,63.933,16.8,63
1976-09-29,62.95,79.82,66,58.96,5.92,32.44,78.733,63.933,13.4,63
1976-10-03,62.95,79.82,66,14.44,-0.08,7.18,78.733,63.933,7.8,63
1976-10-10,62.95,79.82,66,18.73,3.84,11.285,78.733,63.933,11.5,63
1976-10-12,62.95,79.82,66,16.05,4.64,10.345,78.733,63.933,13.0,63
1976-10-15,62.95,79.82,66,30.92,5.68,18.3,78.733,63.933,12.0,63
1976-10-19,62.95,79.82,66,22.36,-4.72,8.82,78.733,63.933,-4.2,63
1976-11-01,62.95,79.82,66,4.82,-6.56,-0.8699999999999997,78.733,63.933,-1.4,63
1976-11-02,62.95,79.82,66,12.2,-6.24,2.9799999999999995,78.733,63.933,5.5,63
1976-11-05,62.95,79.82,66,17.66,4.32,10.99,78.733,63.933,5.8,63
1976-11-07,62.95,79.82,66,2.68,-7.76,-2.54,78.733,63.933,-1.6,63
1976-11-09,62.95,79.82,66,1.28,-8.08,-3.4,78.733,63.933,0.5,63
1976-11-10,62.95,79.82,66,1.71,-2.64,-0.4650000000000001,78.733,63.933,-0.7,63
1976-11-11,62.95,79.82,66,1.6,-2.48,-0.43999999999999995,78.733,63.933,-1.3,63
1976-11-12,62.95,79.82,66,-0.54,-5.6,-3.07,78.733,63.933,-2.2,63
1976-11-14,62.95,79.82,66,3.21,-8.8,-2.7950000000000004,78.733,63.933,-4.0,63
1976-11-16,62.95,79.82,66,8.67,-8.0,0.33499999999999996,78.733,63.933,-1.2,63
1976-11-18,62.95,79.82,66,1.07,-8.48,-3.705,78.733,63.933,-0.7,63
1976-11-20,62.95,79.82,66,2.68,-10.48,-3.9000000000000004,78.733,63.933,-3.3,63
1976-11-21,62.95,79.82,66,7.06,-7.76,-0.3500000000000001,78.733,63.933,-1.0,63
1976-11-22,62.95,79.82,66,10.06,-5.44,2.31,78.733,63.933,1.2,63
1976-11-24,62.95,79.82,66,25.36,12.84,19.1,78.733,63.933,1.5,63
1976-11-25,62.95,79.82,66,47.72,-3.44,22.14,78.733,63.933,-0.4,63
1976-11-29,62.95,79.82,66,1.28,-4.72,-1.7199999999999998,78.733,63.933,-1.5,63
1976-12-02,62.95,79.82,66,0.64,-8.88,-4.12,78.733,63.933,-3.0,63
1976-12-03,62.95,79.82,66,1.28,-7.6,-3.1599999999999997,78.733,63.933,-4.0,63
1976-12-04,62.95,79.82,66,3.96,-7.92,-1.98,78.733,63.933,-1.2,63
1976-12-05,62.95,79.82,66,0.0,-8.8,-4.4,78.733,63.933,-1.4,63
1976-12-08,62.95,79.82,66,1.5,-11.52,-5.01,78.733,63.933,-4.6,63
1976-12-09,62.95,79.82,66,-1.07,-7.36,-4.215,78.733,63.933,-3.2,63
1976-12-12,62.95,79.82,66,0.11,-3.52,-1.705,78.733,63.933,-5.0,63
1976-12-15,62.95,79.82,66,-4.28,-10.32,-7.300000000000001,78.733,63.933,-5.2,63
1976-12-16,62.95,79.82,66,0.43,-8.16,-3.865,78.733,63.933,-5.5,63
1976-12-17,62.95,79.82,66,1.07,-8.32,-3.625,78.733,63.933,-2.2,63
1976-12-18,62.95,79.82,66,13.28,-0.21,6.534999999999999,78.733,63.933,-1.6,63
1976-12-23,62.95,79.82,66,-18.08,-22.56,-20.32,78.733,63.933,-17.8,63
1976-12-24,62.95,79.82,66,-19.26,-23.76,-21.51,78.733,63.933,-17.8,63
1976-12-25,62.95,79.82,66,20.86,-22.16,-0.6500000000000004,78.733,63.933,-16.3,63
1976-12-26,62.95,79.82,66,-5.99,-14.8,-10.395,78.733,63.933,-9.2,63
1976-12-27,62.95,79.82,66,-5.35,-6.96,-6.154999999999999,78.733,63.933,-6.0,63
1976-12-28,62.95,79.82,66,22.16,-4.07,9.045,78.733,63.933,-7.6,63
1976-12-29,62.95,79.82,66,33.28,-12.8,10.24,78.733,63.933,-7.3,63
1977-01-02,62.95,79.82,66,-13.38,-15.84,-14.61,78.733,63.933,-17.2,63
1977-01-04,62.95,79.82,66,-15.41,-20.08,-17.744999999999997,78.733,63.933,-21.4,63
1977-01-05,62.95,79.82,66,-14.77,-20.56,-17.665,78.733,63.933,-19.7,63
1977-01-06,62.95,79.82,66,-6.31,-19.28,-12.795,78.733,63.933,-15.6,63
1977-01-07,62.95,79.82,66,-6.42,-16.72,-11.57,78.733,63.933,-13.6,63
1977-01-08,62.95,79.82,66,14.77,-12.96,0.9049999999999994,78.733,63.933,-11.0,63
1977-01-12,62.95,79.82,66,-4.17,-6.48,-5.325,78.733,63.933,-12.8,63
1977-01-13,62.95,79.82,66,-7.81,-13.2,-10.504999999999999,78.733,63.933,-15.4,63
1977-01-16,62.95,79.82,66,-7.28,-14.8,-11.040000000000001,78.733,63.933,-16.0,63
1977-01-18,62.95,79.82,66,-8.56,-14.48,-11.52,78.733,63.933,-21.2,63
1977-01-19,62.95,79.82,66,-5.35,-19.04,-12.195,78.733,63.933,-16.0,63
1977-01-20,62.95,79.82,66,-5.24,-8.48,-6.86,78.733,63.933,-16.2,63
1977-01-21,62.95,79.82,66,-9.2,-20.72,-14.959999999999999,78.733,63.933,-26.2,63
1977-01-22,62.95,79.82,66,10.27,-25.92,-7.825000000000001,78.733,63.933,-28.3,63
1977-01-23,62.95,79.82,66,-19.8,-25.6,-22.700000000000003,78.733,63.933,-27.6,63
1977-01-24,62.95,79.82,66,-21.4,-25.92,-23.66,78.733,63.933,-24.8,63
1977-01-28,62.95,79.82,66,-5.03,-16.24,-10.635,78.733,63.933,-13.2,63
1977-01-29,62.95,79.82,66,-7.28,-11.36,-9.32,78.733,63.933,-15.8,63
1977-02-01,62.95,79.82,66,-11.77,-20.88,-16.325,78.733,63.933,-21.5,63
1977-02-09,62.95,79.82,66,-15.09,-19.2,-17.145,78.733,63.933,-24.8,63
1977-02-11,62.95,79.82,66,1.07,-12.16,-5.545,78.733,63.933,-9.6,63
1977-02-14,62.95,79.82,66,2.03,-1.36,0.33499999999999985,78.733,63.933,-0.3,63
1977-02-15,62.95,79.82,66,31.78,-2.8,14.49,78.733,63.933,-9.0,63
1977-02-16,62.95,79.82,66,0.21,-7.6,-3.695,78.733,63.933,-9.8,63
1977-02-17,62.95,79.82,66,31.35,-8.16,11.595,78.733,63.933,-10.2,63
1977-02-19,62.95,79.82,66,3.21,-9.44,-3.1149999999999998,78.733,63.933,-8.5,63
1977-02-20,62.95,79.82,66,8.88,-8.24,0.3200000000000003,78.733,63.933,-7.4,63
1977-02-23,62.95,79.82,66,9.1,-3.12,2.9899999999999998,78.733,63.933,0.5,63
1977-02-24,62.95,79.82,66,12.95,-1.12,5.914999999999999,78.733,63.933,1.7,63
1977-02-27,62.95,79.82,66,-6.74,-13.92,-10.33,78.733,63.933,-17.8,63
1977-02-28,62.95,79.82,66,0.43,-12.16,-5.865,78.733,63.933,-8.0,63
1977-03-01,62.95,79.82,66,14.34,-4.16,5.09,78.733,63.933,-0.2,63
1977-03-13,62.95,79.82,66,17.55,-2.48,7.535,78.733,63.933,0.3,63
1977-03-21,62.95,79.82,66,19.26,5.04,12.15,78.733,63.933,1.4,63
1977-04-04,62.95,79.82,66,21.61,2.08,11.844999999999999,78.733,63.933,0.8,63
1977-04-09,62.95,79.82,66,29.96,3.12,16.54,78.733,63.933,3.5,63
1977-04-11,62.95,79.82,66,54.68,5.28,29.98,78.733,63.933,13.2,63
1977-04-13,62.95,79.82,66,33.49,10.48,21.985,78.733,63.933,8.6,63
1977-04-20,62.95,79.82,66,32.85,7.28,20.065,78.733,63.933,18.6,63
1977-04-23,62.95,79.82,66,61.42,4.4,32.910000000000004,78.733,63.933,12.2,63
1977-04-24,62.95,79.82,66,28.36,5.2,16.78,78.733,63.933,13.8,63
1977-05-01,62.95,79.82,66,31.03,6.32,18.675,78.733,63.933,13.2,63
1977-05-02,62.95,79.82,66,29.96,8.64,19.3,78.733,63.933,12.6,63
1977-05-07,62.95,79.82,66,24.82,3.28,14.05,78.733,63.933,13.2,63
1977-05-11,62.95,79.82,66,35.1,10.08,22.59,78.733,63.933,18.0,63
1977-05-15,62.95,79.82,66,36.38,11.68,24.03,78.733,63.933,18.2,63
1977-05-21,62.95,79.82,66,31.56,16.16,23.86,78.733,63.933,21.0,63
1977-05-26,62.95,79.82,66,68.91,10.4,39.655,78.733,63.933,22.5,63
1977-05-28,62.95,79.82,66,66.66,33.68,50.17,78.733,63.933,22.0,63
1977-05-30,62.95,79.82,66,70.62,9.12,39.870000000000005,78.733,63.933,20.2,63
1977-06-02,62.95,79.82,66,36.38,10.4,23.39,78.733,63.933,20.8,63
1977-06-07,62.95,79.82,66,38.31,13.36,25.835,78.733,63.933,27.3,63
1977-06-08,62.95,79.82,66,39.8,14.48,27.14,78.733,63.933,25.5,63
1977-06-10,62.95,79.82,66,38.24,38.09,38.165000000000006,78.733,63.933,27.8,63
1977-06-12,62.95,79.82,66,42.05,14.88,28.465,78.733,63.933,26.3,63
1977-06-14,62.95,79.82,66,42.48,15.52,29.0,78.733,63.933,29.5,63
1977-06-15,62.95,79.82,66,41.73,16.96,29.345,78.733,63.933,28.6,63
1977-06-17,62.95,79.82,66,43.55,2.08,22.814999999999998,78.733,63.933,27.0,63
1977-06-20,62.95,79.82,66,40.77,16.32,28.545,78.733,63.933,25.8,63
1977-06-23,62.95,79.82,66,38.31,17.28,27.795,78.733,63.933,27.0,63
1977-06-24,62.95,79.82,66,40.77,19.28,30.025000000000002,78.733,63.933,28.6,63
1977-06-25,62.95,79.82,66,37.56,17.84,27.700000000000003,78.733,63.933,28.0,63
1977-06-28,62.95,79.82,66,34.03,10.88,22.455000000000002,78.733,63.933,24.3,63
1977-07-08,62.95,79.82,66,40.66,19.68,30.169999999999998,78.733,63.933,27.5,63
1977-07-17,62.95,79.82,66,38.41,15.12,26.764999999999997,78.733,63.933,26.7,63
1977-07-22,62.95,79.82,66,39.06,15.6,27.330000000000002,78.733,63.933,27.0,63
1977-07-23,62.95,79.82,66,35.84,17.68,26.76,78.733,63.933,27.0,63
1977-07-29,62.95,79.82,66,34.99,14.24,24.615000000000002,78.733,63.933,24.8,63
1977-08-01,62.95,79.82,66,34.88,14.16,24.520000000000003,78.733,63.933,24.0,63
1977-08-04,62.95,79.82,66,34.13,14.48,24.305,78.733,63.933,24.6,63
1977-08-07,62.95,79.82,66,35.1,15.2,25.15,78.733,63.933,25.7,63
1977-08-08,62.95,79.82,66,36.38,14.88,25.630000000000003,78.733,63.933,26.6,63
1977-08-09,62.95,79.82,66,37.45,14.64,26.045,78.733,63.933,30.0,63
1977-08-10,62.95,79.82,66,37.88,15.36,26.62,78.733,63.933,26.0,63
1977-08-11,62.95,79.82,66,55.43,14.08,34.755,78.733,63.933,25.0,63
1977-08-12,62.95,79.82,66,34.45,12.0,23.225,78.733,63.933,25.8,63
1977-08-13,62.95,79.82,66,37.77,12.8,25.285000000000004,78.733,63.933,29.0,63
1977-08-15,62.95,79.82,66,34.24,16.88,25.560000000000002,78.733,63.933,25.0,63
1977-08-21,62.95,79.82,66,33.17,10.0,21.585,78.733,63.933,22.5,63
1977-08-24,62.95,79.82,66,31.56,10.16,20.86,78.733,63.933,23.5,63
1977-08-25,62.95,79.82,66,36.92,11.04,23.98,78.733,63.933,30.0,63
1977-08-26,62.95,79.82,66,38.31,12.64,25.475,78.733,63.933,25.0,63
1977-08-28,62.95,79.82,66,34.99,15.6,25.295,78.733,63.933,20.5,63
1977-08-29,62.95,79.82,66,25.68,10.08,17.88,78.733,63.933,19.5,63
1977-08-30,62.95,79.82,66,24.61,8.08,16.345,78.733,63.933,19.8,63
1977-09-02,62.95,79.82,66,29.42,9.04,19.23,78.733,63.933,20.3,63
1977-09-04,62.95,79.82,66,31.67,9.2,20.435000000000002,78.733,63.933,22.5,63
1977-09-06,62.95,79.82,66,25.15,6.72,15.934999999999999,78.733,63.933,17.2,63
1977-09-07,62.95,79.82,66,58.74,7.52,33.13,78.733,63.933,20.6,63
1977-09-08,62.95,79.82,66,31.67,10.72,21.195,78.733,63.933,21.8,63
1977-09-11,62.95,79.82,66,31.46,10.88,21.17,78.733,63.933,23.0,63
1977-09-13,62.95,79.82,66,33.17,8.96,21.065,78.733,63.933,22.0,63
1977-09-16,62.95,79.82,66,35.84,32.48,34.16,78.733,63.933,22.8,63
1977-09-24,62.95,79.82,66,31.89,4.96,18.425,78.733,63.933,17.6,63
1977-09-25,62.95,79.82,66,34.24,8.96,21.6,78.733,63.933,23.8,63
1977-09-26,62.95,79.82,66,36.38,11.2,23.79,78.733,63.933,22.4,63
1977-09-27,62.95,79.82,66,29.42,10.08,19.75,78.733,63.933,20.3,63
1977-09-28,62.95,79.82,66,29.42,11.44,20.43,78.733,63.933,19.2,63
1977-09-29,62.95,79.82,66,29.96,8.24,19.1,78.733,63.933,17.8,63
1977-10-02,62.95,79.82,66,17.66,-0.4,8.63,78.733,63.933,10.7,63
1977-10-03,62.95,79.82,66,62.06,-0.16,30.950000000000003,78.733,63.933,10.4,63
1977-10-04,62.95,79.82,66,24.61,0.4,12.504999999999999,78.733,63.933,12.8,63
1977-10-05,62.95,79.82,66,29.96,3.68,16.82,78.733,63.933,14.8,63
1977-10-06,62.95,79.82,66,20.65,6.64,13.645,78.733,63.933,13.4,63
1977-10-09,62.95,79.82,66,25.68,5.68,15.68,78.733,63.933,12.4,63
1977-10-10,62.95,79.82,66,25.79,24.16,24.975,78.733,63.933,14.2,63
1977-10-13,62.95,79.82,66,19.26,4.56,11.91,78.733,63.933,11.8,63
1977-10-14,62.95,79.82,66,19.9,6.0,12.95,78.733,63.933,10.4,63
1977-10-16,62.95,79.82,66,25.15,4.08,14.614999999999998,78.733,63.933,13.2,63
1977-10-17,62.95,79.82,66,19.8,7.76,13.780000000000001,78.733,63.933,11.2,63
1977-10-18,62.95,79.82,66,14.87,5.44,10.155,78.733,63.933,7.8,63
1977-10-19,62.95,79.82,66,9.63,2.56,6.095000000000001,78.733,63.933,3.8,63
1977-10-21,62.95,79.82,66,16.58,3.2,9.889999999999999,78.733,63.933,6.0,63
1977-10-25,62.95,79.82,66,37.66,-2.4,17.63,78.733,63.933,6.6,63
1977-11-01,62.95,79.82,66,19.04,16.69,17.865000000000002,78.733,63.933,6.4,63
1977-11-04,62.95,79.82,66,14.02,2.88,8.45,78.733,63.933,6.2,63
1977-11-06,62.95,79.82,66,18.19,4.4,11.295000000000002,78.733,63.933,7.8,63
1977-11-07,62.95,79.82,66,16.91,4.56,10.735,78.733,63.933,6.2,63
1977-11-09,62.95,79.82,66,10.49,-2.56,3.965,78.733,63.933,2.2,63
1977-11-10,62.95,79.82,66,4.17,-3.6,0.2849999999999999,78.733,63.933,0.7,63
1977-11-12,62.95,79.82,66,16.16,-0.24,7.96,78.733,63.933,5.7,63
1977-11-18,62.95,79.82,66,10.81,2.48,6.6450000000000005,78.733,63.933,7.3,63
1977-11-19,62.95,79.82,66,9.63,4.48,7.055000000000001,78.733,63.933,9.8,63
1977-11-21,62.95,79.82,66,8.24,4.08,6.16,78.733,63.933,5.8,63
1977-11-23,62.95,79.82,66,6.42,0.4,3.41,78.733,63.933,5.3,63
1977-11-28,62.95,79.82,66,7.92,-2.8,2.56,78.733,63.933,1.0,63
1977-11-29,62.95,79.82,66,11.77,-1.28,5.245,78.733,63.933,5.8,63
1977-11-30,62.95,79.82,66,12.84,0.24,6.54,78.733,63.933,4.7,63
1977-12-03,62.95,79.82,66,4.71,-0.48,2.115,78.733,63.933,2.2,63
1977-12-08,62.95,79.82,66,5.56,-2.32,1.6199999999999999,78.733,63.933,-1.0,63
1977-12-11,62.95,79.82,66,2.35,-1.6,0.375,78.733,63.933,-1.6,63
1977-12-15,62.95,79.82,66,-2.14,-9.2,-5.67,78.733,63.933,-3.7,63
1977-12-18,62.95,79.82,66,2.89,-2.4,0.2450000000000001,78.733,63.933,-2.0,63
1977-12-19,62.95,79.82,66,1.71,-2.72,-0.5050000000000001,78.733,63.933,-1.5,63
1977-12-20,62.95,79.82,66,21.68,0.32,11.0,78.733,63.933,-3.8,63
1977-12-21,62.95,79.82,66,1.5,-5.6,-2.05,78.733,63.933,-3.8,63
1977-12-23,62.95,79.82,66,1.5,-1.92,-0.20999999999999996,78.733,63.933,-2.6,63
1977-12-24,62.95,79.82,66,-0.54,-6.16,-3.35,78.733,63.933,-8.5,63
1977-12-26,62.95,79.82,66,1.93,-9.76,-3.915,78.733,63.933,-5.2,63
1977-12-27,62.95,79.82,66,4.39,-8.48,-2.0450000000000004,78.733,63.933,-1.6,63
1977-12-29,62.95,79.82,66,2.35,-7.6,-2.625,78.733,63.933,-3.0,63
1978-01-04,62.95,79.82,66,1.6,-2.08,-0.24,78.733,63.933,-2.3,63
1978-01-08,62.95,79.82,66,2.78,-1.44,0.6699999999999999,78.733,63.933,-0.8,63
1978-01-09,62.95,79.82,66,0.86,-1.76,-0.45,78.733,63.933,-1.0,63
1978-01-11,62.95,79.82,66,-1.07,-7.12,-4.095,78.733,63.933,-5.8,63
1978-01-12,62.95,79.82,66,25.47,-6.48,9.495,78.733,63.933,-5.3,63
1978-01-13,62.95,79.82,66,-3.21,-4.8,-4.005,78.733,63.933,-4.5,63
1978-01-15,62.95,79.82,66,0.0,-7.92,-3.96,78.733,63.933,-5.8,63
1978-01-16,62.95,79.82,66,28.89,-9.28,9.805,78.733,63.933,-7.2,63
1978-01-18,62.95,79.82,66,-0.86,-8.72,-4.79,78.733,63.933,-5.7,63
1978-01-24,62.95,79.82,66,-6.42,-10.16,-8.29,78.733,63.933,-11.5,63
1978-01-25,62.95,79.82,66,-6.42,-12.4,-9.41,78.733,63.933,-12.5,63
1978-01-27,62.95,79.82,66,-4.28,-9.28,-6.779999999999999,78.733,63.933,-11.0,63
1978-01-28,62.95,79.82,66,-4.28,-12.24,-8.26,78.733,63.933,-11.3,63
1978-01-29,62.95,79.82,66,-2.25,-10.88,-6.565,78.733,63.933,-7.2,63
1978-01-30,62.95,79.82,66,-5.35,-9.44,-7.395,78.733,63.933,-6.4,63
1978-01-31,62.95,79.82,66,-4.28,-11.68,-7.98,78.733,63.933,-9.8,63
1978-02-03,62.95,79.82,66,15.62,-13.68,0.9699999999999998,78.733,63.933,-11.4,63
1978-02-05,62.95,79.82,66,-7.7,-16.24,-11.969999999999999,78.733,63.933,-14.7,63
1978-02-06,62.95,79.82,66,-11.02,-17.52,-14.27,78.733,63.933,-17.8,63
1978-02-08,62.95,79.82,66,-7.49,-15.6,-11.545,78.733,63.933,-15.7,63
1978-02-14,62.95,79.82,66,1.82,-10.8,-4.49,78.733,63.933,-11.0,63
1978-02-17,62.95,79.82,66,13.8,-1.92,5.94,78.733,63.933,3.4,63
1978-02-19,62.95,79.82,66,9.1,1.04,5.07,78.733,63.933,0.4,63
1978-02-20,62.95,79.82,66,9.31,-2.0,3.6550000000000002,78.733,63.933,-0.1,63
1978-02-22,62.95,79.82,66,11.02,0.08,5.55,78.733,63.933,-1.6,63
1978-02-23,62.95,79.82,66,28.46,-4.72,11.870000000000001,78.733,63.933,-4.0,63
1978-02-25,62.95,79.82,66,2.14,-6.08,-1.97,78.733,63.933,-4.2,63
1978-02-27,62.95,79.82,66,-1.5,-8.16,-4.83,78.733,63.933,-9.8,63
1978-02-28,62.95,79.82,66,0.0,-9.44,-4.72,78.733,63.933,-6.8,63
1978-03-02,62.95,79.82,66,1.07,-8.56,-3.745,78.733,63.933,-6.6,63
1978-03-04,62.95,79.82,66,29.21,-3.76,12.725000000000001,78.733,63.933,-6.6,63
1978-03-05,62.95,79.82,66,47.72,-8.16,19.78,78.733,63.933,-6.4,63
1978-03-06,62.95,79.82,66,10.49,-4.72,2.8850000000000002,78.733,63.933,-4.5,63
1978-03-15,62.95,79.82,66,5.78,-2.72,1.53,78.733,63.933,1.2,63
1978-03-17,62.95,79.82,66,7.7,-4.4,1.65,78.733,63.933,-0.7,63
1978-03-18,62.95,79.82,66,8.67,-1.6,3.535,78.733,63.933,-1.0,63
1978-03-19,62.95,79.82,66,10.38,-2.56,3.91,78.733,63.933,-1.7,63
1978-03-20,62.95,79.82,66,35.63,-3.6,16.015,78.733,63.933,-2.3,63
1978-03-21,62.95,79.82,66,10.91,-1.68,4.615,78.733,63.933,1.7,63
1978-03-22,62.95,79.82,66,16.8,-1.6,7.6000000000000005,78.733,63.933,1.4,63
1978-03-24,62.95,79.82,66,18.94,0.88,9.91,78.733,63.933,2.8,63
1978-03-25,62.95,79.82,66,21.4,1.92,11.66,78.733,63.933,2.3,63
1978-03-29,62.95,79.82,66,23.54,2.0,12.77,78.733,63.933,2.3,63
1978-03-30,62.95,79.82,66,22.9,1.68,12.29,78.733,63.933,1.3,63
1978-03-31,62.95,79.82,66,54.89,3.04,28.965,78.733,63.933,3.6,63
1978-04-01,62.95,79.82,66,25.47,3.6,14.535,78.733,63.933,2.0,63
1978-04-02,62.95,79.82,66,23.65,4.0,13.825,78.733,63.933,0.8,63
1978-04-05,62.95,79.82,66,23.33,4.96,14.145,78.733,63.933,5.0,63
1978-04-06,62.95,79.82,66,70.19,6.8,38.495,78.733,63.933,14.3,63
1978-04-07,62.95,79.82,66,25.68,8.4,17.04,78.733,63.933,11.2,63
1978-04-08,62.95,79.82,66,16.8,5.92,11.36,78.733,63.933,8.2,63
1978-04-09,62.95,79.82,66,20.33,2.4,11.364999999999998,78.733,63.933,6.8,63
1978-04-10,62.95,79.82,66,32.21,9.68,20.945,78.733,63.933,7.4,63
1978-04-11,62.95,79.82,66,17.33,4.08,10.704999999999998,78.733,63.933,6.2,63
1978-04-12,62.95,79.82,66,14.55,-0.72,6.915,78.733,63.933,5.5,63
1978-04-13,62.95,79.82,66,16.91,3.52,10.215,78.733,63.933,6.2,63
1978-04-14,62.95,79.82,66,21.83,5.76,13.794999999999998,78.733,63.933,6.6,63
1978-04-16,62.95,79.82,66,11.24,4.64,7.9399999999999995,78.733,63.933,6.5,63
1978-04-17,62.95,79.82,66,15.52,3.76,9.64,78.733,63.933,9.7,63
1978-04-18,62.95,79.82,66,23.33,5.2,14.264999999999999,78.733,63.933,12.0,63
1978-04-21,62.95,79.82,66,23.11,6.88,14.995,78.733,63.933,8.8,63
1978-04-24,62.95,79.82,66,27.6,16.48,22.04,78.733,63.933,9.2,63
1978-04-25,62.95,79.82,66,56.18,7.2,31.69,78.733,63.933,12.5,63
1978-04-26,62.95,79.82,66,54.68,10.16,32.42,78.733,63.933,12.8,63
1978-05-01,62.95,79.82,66,54.36,11.76,33.06,78.733,63.933,15.3,63
1978-05-10,62.95,79.82,66,54.14,11.04,32.59,78.733,63.933,13.5,63
1978-05-16,62.95,79.82,66,34.88,13.04,23.96,78.733,63.933,22.2,63
1978-05-19,62.95,79.82,66,28.25,12.0,20.125,78.733,63.933,16.2,63
1978-06-07,62.95,79.82,66,27.5,12.08,19.79,78.733,63.933,19.3,63
1978-06-15,62.95,79.82,66,35.42,13.2,24.310000000000002,78.733,63.933,22.5,63
1978-06-17,62.95,79.82,66,40.34,12.64,26.490000000000002,78.733,63.933,25.4,63
1978-06-27,62.95,79.82,66,31.78,15.44,23.61,78.733,63.933,24.0,63
1978-06-28,62.95,79.82,66,56.5,38.16,47.33,78.733,63.933,25.0,63
1978-07-08,62.95,79.82,66,33.17,15.76,24.465,78.733,63.933,26.8,63
1978-07-15,62.95,79.82,66,40.77,18.4,29.585,78.733,63.933,28.6,63
1978-07-16,62.95,79.82,66,40.87,18.8,29.835,78.733,63.933,29.7,63
1978-07-18,62.95,79.82,66,36.59,16.24,26.415,78.733,63.933,28.2,63
1978-07-26,62.95,79.82,66,39.38,16.72,28.05,78.733,63.933,28.0,63
1978-07-27,62.95,79.82,66,40.45,17.04,28.745,78.733,63.933,28.4,63
1978-07-30,62.95,79.82,66,32.21,15.28,23.745,78.733,63.933,24.0,63
1978-08-03,62.95,79.82,66,29.96,10.16,20.060000000000002,78.733,63.933,22.7,63
1978-08-05,62.95,79.82,66,35.95,12.56,24.255000000000003,78.733,63.933,25.6,63
1978-08-07,62.95,79.82,66,38.2,12.16,25.18,78.733,63.933,25.7,63
1978-08-09,62.95,79.82,66,37.13,15.6,26.365000000000002,78.733,63.933,27.7,63
1978-08-13,62.95,79.82,66,38.63,14.48,26.555,78.733,63.933,26.8,63
1978-08-14,62.95,79.82,66,39.59,13.76,26.675,78.733,63.933,26.8,63
1978-08-16,62.95,79.82,66,34.45,14.64,24.545,78.733,63.933,25.6,63
1978-08-21,62.95,79.82,66,26.54,8.08,17.31,78.733,63.933,20.2,63
1978-08-23,62.95,79.82,66,25.47,6.8,16.134999999999998,78.733,63.933,20.0,63
1978-08-26,62.95,79.82,66,30.82,7.36,19.09,78.733,63.933,21.3,63
1978-08-29,62.95,79.82,66,30.39,10.16,20.275,78.733,63.933,21.5,63
1978-09-01,62.95,79.82,66,33.71,10.48,22.095,78.733,63.933,23.8,63
1978-09-02,62.95,79.82,66,31.67,11.04,21.355,78.733,63.933,23.2,63
1978-09-08,62.95,79.82,66,35.42,9.76,22.59,78.733,63.933,21.3,63
1978-09-11,62.95,79.82,66,74.15,11.68,42.915000000000006,78.733,63.933,20.5,63
1978-09-12,62.95,79.82,66,37.24,9.92,23.580000000000002,78.733,63.933,21.9,63
1978-09-13,62.95,79.82,66,36.17,12.48,24.325000000000003,78.733,63.933,23.3,63
1978-09-17,62.95,79.82,66,27.82,6.96,17.39,78.733,63.933,18.8,63
1978-09-19,62.95,79.82,66,34.78,7.6,21.19,78.733,63.933,24.0,63
1978-09-20,62.95,79.82,66,30.6,9.52,20.060000000000002,78.733,63.933,21.2,63
1978-09-21,62.95,79.82,66,32.88,32.74,32.81,78.733,63.933,22.3,63
1978-09-23,62.95,79.82,66,37.24,10.08,23.66,78.733,63.933,24.3,63
1978-09-24,62.95,79.82,66,38.31,13.52,25.915,78.733,63.933,21.6,63
1978-09-25,62.95,79.82,66,30.71,12.96,21.835,78.733,63.933,20.6,63
1978-09-26,62.95,79.82,66,23.22,10.16,16.689999999999998,78.733,63.933,15.8,63
1978-09-27,62.95,79.82,66,26.22,6.64,16.43,78.733,63.933,16.8,63
1978-09-28,62.95,79.82,66,22.04,6.8,14.42,78.733,63.933,13.5,63
1978-09-29,62.95,79.82,66,21.61,4.32,12.965,78.733,63.933,13.2,63
1978-09-30,62.95,79.82,66,24.61,3.12,13.865,78.733,63.933,13.8,63
1978-10-02,62.95,79.82,66,24.4,10.24,17.32,78.733,63.933,13.4,63
1978-10-03,62.95,79.82,66,19.37,2.24,10.805,78.733,63.933,12.0,63
1978-10-06,62.95,79.82,66,17.12,-2.16,7.48,78.733,63.933,9.4,63
1978-10-07,62.95,79.82,66,23.01,-1.84,10.585,78.733,63.933,9.8,63
1978-10-10,62.95,79.82,66,14.87,2.4,8.635,78.733,63.933,5.5,63
1978-10-11,62.95,79.82,66,16.69,-1.2,7.745000000000001,78.733,63.933,9.0,63
1978-10-14,62.95,79.82,66,31.52,14.77,23.145,78.733,63.933,8.2,63
1978-10-15,62.95,79.82,66,19.04,18.3,18.67,78.733,63.933,10.5,63
1978-10-16,62.95,79.82,66,21.51,3.6,12.555000000000001,78.733,63.933,9.5,63
1978-10-17,62.95,79.82,66,26.11,5.12,15.615,78.733,63.933,12.4,63
1978-10-20,62.95,79.82,66,14.98,-2.56,6.21,78.733,63.933,5.2,63
1978-10-23,62.95,79.82,66,25.68,4.88,15.28,78.733,63.933,14.0,63
1978-10-25,62.95,79.82,66,16.26,5.6,10.93,78.733,63.933,10.5,63
1978-10-26,62.95,79.82,66,16.05,1.28,8.665000000000001,78.733,63.933,9.0,63
1978-10-27,62.95,79.82,66,17.87,0.08,8.975,78.733,63.933,8.0,63
1978-10-28,62.95,79.82,66,22.26,-0.88,10.690000000000001,78.733,63.933,10.3,63
1978-10-30,62.95,79.82,66,36.96,23.65,30.305,78.733,63.933,11.3,63
1978-11-01,62.95,79.82,66,17.87,6.56,12.215,78.733,63.933,8.5,63
1978-11-05,62.95,79.82,66,10.06,-1.84,4.11,78.733,63.933,4.0,63
1978-11-06,62.95,79.82,66,11.98,0.32,6.15,78.733,63.933,6.5,63
1978-11-10,62.95,79.82,66,5.14,-5.52,-0.18999999999999995,78.733,63.933,0.3,63
1978-11-11,62.95,79.82,66,11.24,0.32,5.78,78.733,63.933,3.0,63
1978-11-12,62.95,79.82,66,7.28,1.68,4.48,78.733,63.933,2.4,63
1978-11-15,62.95,79.82,66,10.7,-1.84,4.43,78.733,63.933,2.5,63
1978-11-16,62.95,79.82,66,11.34,-4.8,3.27,78.733,63.933,4.2,63
1978-11-19,62.95,79.82,66,7.06,0.64,3.8499999999999996,78.733,63.933,3.5,63
1978-11-20,62.95,79.82,66,6.42,0.88,3.65,78.733,63.933,3.6,63
1978-11-22,62.95,79.82,66,52.32,5.36,28.84,78.733,63.933,6.0,63
1978-11-23,62.95,79.82,66,8.13,2.96,5.545,78.733,63.933,3.6,63
1978-11-25,62.95,79.82,66,31.14,1.44,16.29,78.733,63.933,3.2,63
1978-11-27,62.95,79.82,66,9.63,-3.6,3.0150000000000006,78.733,63.933,2.0,63
1978-11-28,62.95,79.82,66,7.49,-3.04,2.225,78.733,63.933,1.8,63
1978-11-29,62.95,79.82,66,5.56,-1.36,2.0999999999999996,78.733,63.933,1.8,63
1978-11-30,62.95,79.82,66,8.56,-3.84,2.3600000000000003,78.733,63.933,0.3,63
1978-12-02,62.95,79.82,66,15.52,0.48,8.0,78.733,63.933,6.2,63
1978-12-03,62.95,79.82,66,8.56,2.88,5.720000000000001,78.733,63.933,3.8,63
1978-12-04,62.95,79.82,66,9.1,-0.32,4.39,78.733,63.933,2.6,63
1978-12-05,62.95,79.82,66,6.63,0.88,3.755,78.733,63.933,3.4,63
1978-12-07,62.95,79.82,66,9.63,2.16,5.8950000000000005,78.733,63.933,6.0,63
1978-12-08,62.95,79.82,66,8.24,3.68,5.96,78.733,63.933,1.8,63
1978-12-09,62.95,79.82,66,5.35,0.48,2.915,78.733,63.933,0.2,63
1978-12-11,62.95,79.82,66,-3.21,-8.16,-5.6850000000000005,78.733,63.933,-3.7,63
1978-12-12,62.95,79.82,66,27.61,-2.88,12.365,78.733,63.933,0.2,63
1978-12-13,62.95,79.82,66,2.14,-1.52,0.31000000000000005,78.733,63.933,-2.8,63
1978-12-14,62.95,79.82,66,31.35,-6.8,12.275,78.733,63.933,-4.7,63
1978-12-15,62.95,79.82,66,5.14,-6.16,-0.5100000000000002,78.733,63.933,-3.3,63
1978-12-17,62.95,79.82,66,11.02,1.2,6.109999999999999,78.733,63.933,1.0,63
1978-12-19,62.95,79.82,66,7.81,2.88,5.345,78.733,63.933,0.3,63
1978-12-21,62.95,79.82,66,2.03,-4.96,-1.465,78.733,63.933,-3.0,63
1978-12-24,62.95,79.82,66,-10.38,-15.76,-13.07,78.733,63.933,-14.2,63
1978-12-25,62.95,79.82,66,-3.96,-15.2,-9.58,78.733,63.933,-8.8,63
1978-12-26,62.95,79.82,66,1.18,-6.48,-2.6500000000000004,78.733,63.933,-2.5,63
1978-12-27,62.95,79.82,66,-0.32,-2.32,-1.3199999999999998,78.733,63.933,-3.2,63
1979-01-01,62.95,79.82,66,10.91,0.16,5.535,78.733,63.933,-0.2,63
1979-01-02,62.95,79.82,66,3.53,0.4,1.9649999999999999,78.733,63.933,-0.8,63
1979-01-03,62.95,79.82,66,14.98,-0.56,7.21,78.733,63.933,5.6,63
1979-01-04,62.95,79.82,66,43.55,3.6,23.575,78.733,63.933,6.0,63
1979-01-05,62.95,79.82,66,11.77,-1.12,5.324999999999999,78.733,63.933,1.0,63
1979-01-06,62.95,79.82,66,-1.18,-5.92,-3.55,78.733,63.933,-2.6,63
1979-01-08,62.95,79.82,66,0.11,-7.52,-3.7049999999999996,78.733,63.933,-10.1,63
1979-01-09,62.95,79.82,66,-4.28,-9.2,-6.74,78.733,63.933,-9.0,63
1979-01-10,62.95,79.82,66,11.44,-1.07,5.185,78.733,63.933,-7.8,63
1979-01-11,62.95,79.82,66,-2.68,-7.52,-5.1,78.733,63.933,-4.5,63
1979-01-13,62.95,79.82,66,-2.68,-7.52,-5.1,78.733,63.933,-4.4,63
1979-01-15,62.95,79.82,66,-0.96,-7.52,-4.24,78.733,63.933,-5.5,63
1979-01-20,62.95,79.82,66,0.0,-11.6,-5.8,78.733,63.933,-7.8,63
1979-01-21,62.95,79.82,66,6.42,-9.68,-1.63,78.733,63.933,-5.2,63
1979-01-23,62.95,79.82,66,-1.18,-10.32,-5.75,78.733,63.933,-12.0,63
1979-01-24,62.95,79.82,66,-7.28,-9.12,-8.2,78.733,63.933,-8.8,63
1979-01-25,62.95,79.82,66,-7.38,-7.52,-7.449999999999999,78.733,63.933,-8.4,63
1979-01-26,62.95,79.82,66,24.08,-10.4,6.839999999999999,78.733,63.933,-9.7,63
1979-01-27,62.95,79.82,66,35.63,-13.12,11.255000000000003,78.733,63.933,-10.4,63
1979-01-28,62.95,79.82,66,-4.82,-13.52,-9.17,78.733,63.933,-10.6,63
1979-01-29,62.95,79.82,66,-4.39,-12.96,-8.675,78.733,63.933,-9.8,63
1979-01-30,62.95,79.82,66,-2.03,-13.92,-7.975,78.733,63.933,-8.8,63
1979-01-31,62.95,79.82,66,-0.75,-11.6,-6.175,78.733,63.933,-7.2,63
1979-02-01,62.95,79.82,66,30.5,-9.6,10.45,78.733,63.933,-7.3,63
1979-02-02,62.95,79.82,66,6.42,-8.0,-0.79,78.733,63.933,-3.4,63
1979-02-03,62.95,79.82,66,8.02,-1.04,3.4899999999999998,78.733,63.933,-1.6,63
1979-02-04,62.95,79.82,66,28.0,1.5,14.75,78.733,63.933,-4.3,63
1979-02-05,62.95,79.82,66,-1.71,-4.72,-3.215,78.733,63.933,-6.7,63
1979-02-06,62.95,79.82,66,29.28,2.57,15.925,78.733,63.933,0.8,63
1979-02-08,62.95,79.82,66,12.2,-1.04,5.58,78.733,63.933,0.7,63
1979-02-09,62.95,79.82,66,5.89,-1.44,2.2249999999999996,78.733,63.933,-2.0,63
1979-02-10,62.95,79.82,66,3.42,-4.72,-0.6499999999999999,78.733,63.933,-2.5,63
1979-02-12,62.95,79.82,66,6.53,1.6,4.065,78.733,63.933,1.2,63
1979-02-14,62.95,79.82,66,12.09,-2.8,4.645,78.733,63.933,2.2,63
1979-02-15,62.95,79.82,66,19.05,-0.08,9.485000000000001,78.733,63.933,1.2,63
1979-02-16,62.95,79.82,66,20.65,1.68,11.165,78.733,63.933,5.6,63
1979-02-17,62.95,79.82,66,13.05,-1.12,5.965,78.733,63.933,-1.3,63
1979-02-19,62.95,79.82,66,-1.82,-6.16,-3.99,78.733,63.933,-8.0,63
1979-02-20,62.95,79.82,66,-1.5,-8.4,-4.95,78.733,63.933,-7.3,63
1979-02-21,62.95,79.82,66,2.57,-4.4,-0.9150000000000003,78.733,63.933,-3.2,63
1979-02-23,62.95,79.82,66,0.43,-4.16,-1.865,78.733,63.933,-5.9,63
1979-02-24,62.95,79.82,66,-1.82,-7.12,-4.47,78.733,63.933,-6.5,63
1979-02-25,62.95,79.82,66,0.32,-8.08,-3.88,78.733,63.933,-4.8,63
1979-02-26,62.95,79.82,66,4.49,-6.72,-1.1149999999999998,78.733,63.933,-4.8,63
1979-02-27,62.95,79.82,66,2.25,-4.88,-1.315,78.733,63.933,-4.2,63
1979-03-01,62.95,79.82,66,1.18,-8.16,-3.49,78.733,63.933,-8.0,63
1979-03-04,62.95,79.82,66,28.68,-6.32,11.18,78.733,63.933,-9.0,63
1979-03-06,62.95,79.82,66,2.68,-7.12,-2.2199999999999998,78.733,63.933,-7.0,63
1979-03-07,62.95,79.82,66,5.35,-7.44,-1.0450000000000004,78.733,63.933,-8.5,63
1979-03-15,62.95,79.82,66,21.4,0.48,10.94,78.733,63.933,-0.6,63
1979-03-16,62.95,79.82,66,20.22,5.2,12.709999999999999,78.733,63.933,4.5,63
1979-03-17,62.95,79.82,66,49.11,0.0,24.555,78.733,63.933,1.4,63
1979-03-18,62.95,79.82,66,16.69,-0.8,7.945,78.733,63.933,2.8,63
1979-03-19,62.95,79.82,66,25.89,2.56,14.225,78.733,63.933,7.8,63
1979-03-20,62.95,79.82,66,22.9,8.56,15.73,78.733,63.933,4.0,63
1979-03-21,62.95,79.82,66,21.51,0.64,11.075000000000001,78.733,63.933,2.2,63
1979-03-22,62.95,79.82,66,20.44,3.28,11.860000000000001,78.733,63.933,1.4,63
1979-03-23,62.95,79.82,66,21.51,3.52,12.515,78.733,63.933,2.4,63
1979-03-24,62.95,79.82,66,23.11,2.32,12.715,78.733,63.933,1.7,63
1979-03-25,62.95,79.82,66,23.11,1.68,12.395,78.733,63.933,3.3,63
1979-03-26,62.95,79.82,66,60.78,4.88,32.83,78.733,63.933,3.7,63
1979-03-27,62.95,79.82,66,23.33,3.68,13.504999999999999,78.733,63.933,3.8,63
1979-03-31,62.95,79.82,66,35.84,1.52,18.680000000000003,78.733,63.933,0.4,63
1979-04-01,62.95,79.82,66,12.2,-2.0,5.1,78.733,63.933,2.0,63
1979-04-02,62.95,79.82,66,26.08,17.98,22.03,78.733,63.933,5.2,63
1979-04-04,62.95,79.82,66,46.65,5.12,25.884999999999998,78.733,63.933,3.6,63
1979-04-05,62.95,79.82,66,55.32,5.68,30.5,78.733,63.933,2.6,63
1979-04-06,62.95,79.82,66,15.84,5.12,10.48,78.733,63.933,9.4,63
1979-04-07,62.95,79.82,66,20.97,3.44,12.205,78.733,63.933,13.2,63
1979-04-08,62.95,79.82,66,26.43,6.16,16.295,78.733,63.933,7.6,63
1979-04-09,62.95,79.82,66,21.51,9.12,15.315000000000001,78.733,63.933,5.3,63
1979-04-10,62.95,79.82,66,17.33,0.88,9.104999999999999,78.733,63.933,4.2,63
1979-04-12,62.95,79.82,66,23.75,3.28,13.515,78.733,63.933,8.3,63
1979-04-15,62.95,79.82,66,21.83,8.32,15.075,78.733,63.933,5.5,63
1979-04-16,62.95,79.82,66,57.46,8.8,33.13,78.733,63.933,11.2,63
1979-04-18,62.95,79.82,66,18.73,2.08,10.405000000000001,78.733,63.933,8.5,63
1979-04-19,62.95,79.82,66,24.29,4.88,14.584999999999999,78.733,63.933,13.8,63
1979-04-24,62.95,79.82,66,19.15,4.56,11.854999999999999,78.733,63.933,5.2,63
1979-04-29,62.95,79.82,66,19.26,5.28,12.270000000000001,78.733,63.933,10.3,63
1979-04-30,62.95,79.82,66,49.33,7.28,28.305,78.733,63.933,11.2,63
1979-05-01,62.95,79.82,66,21.4,3.6,12.5,78.733,63.933,12.2,63
1979-05-02,62.95,79.82,66,20.22,6.64,13.43,78.733,63.933,11.2,63
1979-05-03,62.95,79.82,66,45.05,7.28,26.165,78.733,63.933,11.7,63
1979-05-04,62.95,79.82,66,24.08,6.32,15.2,78.733,63.933,12.8,63
1979-05-05,62.95,79.82,66,29.36,25.68,27.52,78.733,63.933,13.2,63
1979-05-08,62.95,79.82,66,26.86,7.68,17.27,78.733,63.933,15.3,63
1979-05-09,62.95,79.82,66,55.1,8.88,31.990000000000002,78.733,63.933,16.3,63
1979-05-11,62.95,79.82,66,29.42,11.84,20.630000000000003,78.733,63.933,15.4,63
1979-05-14,62.95,79.82,66,32.21,8.08,20.145,78.733,63.933,16.0,63
1979-05-19,62.95,79.82,66,29.75,12.08,20.915,78.733,63.933,19.0,63
1979-05-23,62.95,79.82,66,32.1,13.44,22.77,78.733,63.933,16.0,63
1979-05-25,62.95,79.82,66,56.39,7.92,32.155,78.733,63.933,20.2,63
1979-05-26,62.95,79.82,66,26.64,11.04,18.84,78.733,63.933,14.3,63
1979-06-01,62.95,79.82,66,32.74,9.04,20.89,78.733,63.933,18.8,63
1979-06-02,62.95,79.82,66,35.52,8.88,22.200000000000003,78.733,63.933,20.8,63
1979-06-06,62.95,79.82,66,30.39,16.08,23.235,78.733,63.933,19.2,63
1979-06-07,62.95,79.82,66,28.36,10.48,19.42,78.733,63.933,19.3,63
1979-06-08,62.95,79.82,66,29.64,9.68,19.66,78.733,63.933,22.4,63
1979-06-11,62.95,79.82,66,29.32,5.68,17.5,78.733,63.933,16.4,63
1979-06-13,62.95,79.82,66,36.81,11.12,23.965,78.733,63.933,25.5,63
1979-06-14,62.95,79.82,66,58.21,14.56,36.385,78.733,63.933,18.2,63
1979-06-16,62.95,79.82,66,29.32,7.68,18.5,78.733,63.933,19.7,63
1979-06-18,62.95,79.82,66,35.31,12.8,24.055,78.733,63.933,24.6,63
1979-06-19,62.95,79.82,66,70.83,13.76,42.295,78.733,63.933,25.7,63
1979-06-22,62.95,79.82,66,84.85,48.96,66.905,78.733,63.933,27.7,63
1979-06-23,62.95,79.82,66,36.92,18.48,27.700000000000003,78.733,63.933,26.4,63
1979-06-24,62.95,79.82,66,32.64,15.6,24.12,78.733,63.933,19.2,63
1979-06-25,62.95,79.82,66,54.36,13.84,34.1,78.733,63.933,20.4,63
1979-06-29,62.95,79.82,66,36.59,12.0,24.295,78.733,63.933,25.3,63
1979-06-30,62.95,79.82,66,38.09,13.68,25.885,78.733,63.933,28.8,63
1979-07-01,62.95,79.82,66,39.59,14.96,27.275000000000002,78.733,63.933,25.2,63
1979-07-03,62.95,79.82,66,36.27,13.28,24.775000000000002,78.733,63.933,28.3,63
1979-07-06,62.95,79.82,66,77.04,13.36,45.2,78.733,63.933,23.3,63
1979-07-07,62.95,79.82,66,37.88,14.08,25.98,78.733,63.933,27.7,63
1979-07-08,62.95,79.82,66,82.28,13.68,47.980000000000004,78.733,63.933,28.5,63
1979-07-09,62.95,79.82,66,81.64,17.92,49.78,78.733,63.933,26.6,63
1979-07-11,62.95,79.82,66,38.31,15.52,26.915,78.733,63.933,27.2,63
1979-07-12,62.95,79.82,66,36.38,16.4,26.39,78.733,63.933,27.2,63
1979-07-18,62.95,79.82,66,42.05,19.04,30.544999999999998,78.733,63.933,32.7,63
1979-07-19,62.95,79.82,66,37.77,19.6,28.685000000000002,78.733,63.933,28.2,63
1979-07-21,62.95,79.82,66,38.88,34.88,36.88,78.733,63.933,25.8,63
1979-07-27,62.95,79.82,66,41.62,16.24,28.93,78.733,63.933,30.3,63
1979-07-29,62.95,79.82,66,43.12,17.28,30.2,78.733,63.933,30.0,63
1979-07-30,62.95,79.82,66,80.89,17.2,49.045,78.733,63.933,32.4,63
1979-07-31,62.95,79.82,66,69.98,18.16,44.07,78.733,63.933,29.8,63
1979-08-01,62.95,79.82,66,67.84,16.08,41.96,78.733,63.933,29.3,63
1979-08-03,62.95,79.82,66,34.24,16.0,25.12,78.733,63.933,26.0,63
1979-08-04,62.95,79.82,66,63.13,13.76,38.445,78.733,63.933,25.8,63
1979-08-05,62.95,79.82,66,34.45,13.68,24.065,78.733,63.933,27.2,63
1979-08-06,62.95,79.82,66,38.09,13.92,26.005000000000003,78.733,63.933,27.2,63
1979-08-09,62.95,79.82,66,69.66,14.64,42.15,78.733,63.933,26.2,63
1979-08-10,62.95,79.82,66,38.52,14.96,26.740000000000002,78.733,63.933,27.0,63
1979-08-11,62.95,79.82,66,40.02,14.48,27.25,78.733,63.933,29.2,63
1979-08-13,62.95,79.82,66,34.45,14.08,24.265,78.733,63.933,25.5,63
1979-08-15,62.95,79.82,66,39.06,13.76,26.41,78.733,63.933,30.6,63
1979-08-18,62.95,79.82,66,33.81,14.64,24.225,78.733,63.933,24.0,63
1979-08-22,62.95,79.82,66,29.21,10.88,20.045,78.733,63.933,21.6,63
1979-08-24,62.95,79.82,66,31.78,9.76,20.77,78.733,63.933,21.6,63
1979-08-25,62.95,79.82,66,63.88,10.08,36.980000000000004,78.733,63.933,24.2,63
1979-08-26,62.95,79.82,66,37.45,29.28,33.365,78.733,63.933,24.2,63
1979-09-02,62.95,79.82,66,38.31,13.28,25.795,78.733,63.933,25.4,63
1979-09-03,62.95,79.82,66,39.06,13.6,26.330000000000002,78.733,63.933,28.2,63
1979-09-05,62.95,79.82,66,37.02,14.08,25.55,78.733,63.933,23.0,63
1979-09-07,62.95,79.82,66,29.64,11.28,20.46,78.733,63.933,21.7,63
1979-09-09,62.95,79.82,66,33.38,11.2,22.29,78.733,63.933,21.4,63
1979-09-10,62.95,79.82,66,43.04,35.74,39.39,78.733,63.933,23.7,63
1979-09-12,62.95,79.82,66,28.03,10.72,19.375,78.733,63.933,20.0,63
1979-09-13,62.95,79.82,66,25.79,10.48,18.134999999999998,78.733,63.933,18.5,63
1979-09-21,62.95,79.82,66,25.25,9.12,17.185,78.733,63.933,19.8,63
1979-09-24,62.95,79.82,66,26.75,5.76,16.255,78.733,63.933,17.3,63
1979-09-26,62.95,79.82,66,30.07,8.96,19.515,78.733,63.933,20.3,63
1979-09-28,62.95,79.82,66,28.57,7.68,18.125,78.733,63.933,18.8,63
1979-09-29,62.95,79.82,66,30.17,7.76,18.965,78.733,63.933,20.8,63
1979-10-03,62.95,79.82,66,32.1,8.08,20.09,78.733,63.933,19.0,63
1979-10-04,62.95,79.82,66,30.39,9.76,20.075,78.733,63.933,17.0,63
1979-10-05,62.95,79.82,66,21.08,10.48,15.78,78.733,63.933,12.8,63
1979-10-06,62.95,79.82,66,15.41,7.2,11.305,78.733,63.933,12.4,63
1979-10-08,62.95,79.82,66,47.19,7.92,27.555,78.733,63.933,10.7,63
1979-10-09,62.95,79.82,66,15.62,3.84,9.73,78.733,63.933,9.8,63
1979-10-10,62.95,79.82,66,48.15,1.6,24.875,78.733,63.933,10.0,63
1979-10-17,62.95,79.82,66,27.28,8.48,17.880000000000003,78.733,63.933,14.4,63
1979-10-18,62.95,79.82,66,45.37,6.16,25.765,78.733,63.933,12.6,63
1979-10-19,62.95,79.82,66,20.33,7.68,14.004999999999999,78.733,63.933,13.2,63
1979-10-20,62.95,79.82,66,24.5,7.68,16.09,78.733,63.933,12.8,63
1979-10-23,62.95,79.82,66,20.33,6.88,13.604999999999999,78.733,63.933,14.3,63
1979-10-26,62.95,79.82,66,21.4,9.52,15.459999999999999,78.733,63.933,12.7,63
1979-10-27,62.95,79.82,66,19.58,4.72,12.149999999999999,78.733,63.933,5.7,63
1979-10-28,62.95,79.82,66,9.74,0.0,4.87,78.733,63.933,3.4,63
1979-10-29,62.95,79.82,66,13.38,0.08,6.73,78.733,63.933,6.7,63
1979-10-31,62.95,79.82,66,11.77,1.6,6.685,78.733,63.933,5.8,63
1979-11-01,62.95,79.82,66,29.84,17.12,23.48,78.733,63.933,9.3,63
1979-11-03,62.95,79.82,66,19.37,6.56,12.965,78.733,63.933,7.4,63
1979-11-04,62.95,79.82,66,10.38,2.0,6.19,78.733,63.933,0.3,63
1979-11-09,62.95,79.82,66,11.45,-4.72,3.3649999999999998,78.733,63.933,1.8,63
1979-11-10,62.95,79.82,66,11.98,-3.04,4.470000000000001,78.733,63.933,2.5,63
1979-11-12,62.95,79.82,66,6.53,0.88,3.705,78.733,63.933,1.6,63
1979-11-13,62.95,79.82,66,10.49,-4.64,2.9250000000000003,78.733,63.933,2.7,63
1979-11-17,62.95,79.82,66,34.45,-4.24,15.105,78.733,63.933,4.8,63
1979-11-19,62.95,79.82,66,40.55,26.8,33.675,78.733,63.933,2.0,63
1979-11-21,62.95,79.82,66,8.67,-4.8,1.935,78.733,63.933,2.8,63
1979-11-23,62.95,79.82,66,11.77,-5.92,2.925,78.733,63.933,-0.5,63
1979-11-26,62.95,79.82,66,9.63,-4.48,2.575,78.733,63.933,2.0,63
1979-11-28,62.95,79.82,66,14.98,-2.72,6.13,78.733,63.933,3.2,63
1979-12-01,62.95,79.82,66,33.6,-1.44,16.080000000000002,78.733,63.933,1.2,63
1979-12-03,62.95,79.82,66,5.35,-2.64,1.3549999999999998,78.733,63.933,1.2,63
1979-12-07,62.95,79.82,66,11.77,2.4,7.085,78.733,63.933,2.8,63
1979-12-10,62.95,79.82,66,6.96,-0.72,3.12,78.733,63.933,0.7,63
1979-12-14,62.95,79.82,66,2.57,0.0,1.285,78.733,63.933,1.7,63
1979-12-17,62.95,79.82,66,41.73,2.08,21.904999999999998,78.733,63.933,2.5,63
1979-12-20,62.95,79.82,66,-0.21,-2.4,-1.305,78.733,63.933,-3.2,63
1979-12-21,62.95,79.82,66,-1.07,-4.0,-2.535,78.733,63.933,-2.3,63
1979-12-22,62.95,79.82,66,-0.54,-3.84,-2.19,78.733,63.933,-3.6,63
1979-12-23,62.95,79.82,66,0.64,-3.2,-1.28,78.733,63.933,-3.2,63
1979-12-25,62.95,79.82,66,2.89,-3.84,-0.47499999999999987,78.733,63.933,0.2,63
1979-12-26,62.95,79.82,66,0.32,-5.04,-2.36,78.733,63.933,-0.7,63
1979-12-27,62.95,79.82,66,-0.64,-3.76,-2.1999999999999997,78.733,63.933,-1.0,63
1979-12-28,62.95,79.82,66,-0.54,-4.24,-2.39,78.733,63.933,-1.3,63
1979-12-30,62.95,79.82,66,21.2,-3.21,8.995,78.733,63.933,-4.2,63
1980-01-03,62.95,79.82,66,1.18,-1.2,-0.010000000000000009,78.733,63.933,-1.7,63
1980-01-04,62.95,79.82,66,0.64,-1.84,-0.6000000000000001,78.733,63.933,-2.7,63
1980-01-05,62.95,79.82,66,13.52,-1.82,5.85,78.733,63.933,-2.6,63
1980-01-07,62.95,79.82,66,-1.5,-3.76,-2.63,78.733,63.933,-5.2,63
1980-01-08,62.95,79.82,66,-4.28,-6.8,-5.54,78.733,63.933,-8.2,63
1980-01-09,62.95,79.82,66,15.28,-7.49,3.8949999999999996,78.733,63.933,-10.4,63
1980-01-10,62.95,79.82,66,-5.35,-13.36,-9.355,78.733,63.933,-8.0,63
1980-01-13,62.95,79.82,66,-0.21,-4.64,-2.425,78.733,63.933,-7.7,63
1980-01-14,62.95,79.82,66,-4.28,-10.0,-7.140000000000001,78.733,63.933,-12.5,63
1980-01-15,62.95,79.82,66,-9.52,-16.32,-12.92,78.733,63.933,-12.4,63
1980-01-16,62.95,79.82,66,-10.16,-16.0,-13.08,78.733,63.933,-17.1,63
1980-01-20,62.95,79.82,66,17.87,-8.4,4.735,78.733,63.933,-14.3,63
1980-01-23,62.95,79.82,66,-10.16,-15.6,-12.879999999999999,78.733,63.933,-18.0,63
1980-01-25,62.95,79.82,66,-6.21,-14.0,-10.105,78.733,63.933,-9.6,63
1980-01-26,62.95,79.82,66,30.92,-14.16,8.38,78.733,63.933,-12.7,63
1980-01-29,62.95,79.82,66,4.17,-7.44,-1.6350000000000002,78.733,63.933,-3.8,63
1980-01-30,62.95,79.82,66,-1.6,-8.4,-5.0,78.733,63.933,-8.7,63
1980-02-02,62.95,79.82,66,-0.96,-3.21,-2.085,78.733,63.933,-11.2,63
1980-02-04,62.95,79.82,66,-10.06,-14.0,-12.030000000000001,78.733,63.933,-14.6,63
1980-02-05,62.95,79.82,66,-9.31,-17.52,-13.415,78.733,63.933,-16.0,63
1980-02-09,62.95,79.82,66,-3.21,-17.52,-10.365,78.733,63.933,-14.1,63
1980-02-10,62.95,79.82,66,1.07,-12.64,-5.785,78.733,63.933,-12.5,63
1980-02-12,62.95,79.82,66,-0.32,-7.2,-3.7600000000000002,78.733,63.933,-4.8,63
1980-02-14,62.95,79.82,66,2.25,-9.6,-3.675,78.733,63.933,-5.2,63
1980-02-15,62.95,79.82,66,26.64,2.89,14.765,78.733,63.933,-4.0,63
1980-02-16,62.95,79.82,66,32.85,-1.52,15.665000000000001,78.733,63.933,-4.7,63
1980-02-18,62.95,79.82,66,0.54,-6.64,-3.05,78.733,63.933,-9.3,63
1980-02-19,62.95,79.82,66,2.68,-7.12,-2.2199999999999998,78.733,63.933,-4.2,63
1980-02-20,62.95,79.82,66,0.86,-4.0,-1.57,78.733,63.933,-7.8,63
1980-02-22,62.95,79.82,66,4.92,-8.32,-1.7000000000000002,78.733,63.933,-4.5,63
1980-02-25,62.95,79.82,66,-1.82,-11.92,-6.87,78.733,63.933,-13.8,63
1980-02-26,62.95,79.82,66,-3.21,-11.6,-7.404999999999999,78.733,63.933,-14.2,63
1980-02-28,62.95,79.82,66,-3.74,-14.32,-9.030000000000001,78.733,63.933,-14.7,63
1980-02-29,62.95,79.82,66,-3.85,-13.84,-8.845,78.733,63.933,-15.4,63
1980-03-02,62.95,79.82,66,3.0,-7.2,-2.1,78.733,63.933,-7.0,63
1980-03-03,62.95,79.82,66,38.52,-3.28,17.62,78.733,63.933,-6.0,63
1980-03-04,62.95,79.82,66,36.27,-4.72,15.775000000000002,78.733,63.933,-13.0,63
1980-03-06,62.95,79.82,66,11.66,-5.6,3.0300000000000002,78.733,63.933,-2.2,63
1980-03-07,62.95,79.82,66,6.42,-2.32,2.05,78.733,63.933,-4.2,63
1980-03-09,62.95,79.82,66,-2.14,-8.64,-5.390000000000001,78.733,63.933,-10.7,63
1980-03-12,62.95,79.82,66,0.54,-10.8,-5.130000000000001,78.733,63.933,-10.2,63
1980-03-15,62.95,79.82,66,-0.43,-8.16,-4.295,78.733,63.933,-8.7,63
1980-03-17,62.95,79.82,66,5.35,-8.32,-1.4850000000000003,78.733,63.933,-5.8,63
1980-03-19,62.95,79.82,66,9.1,-1.36,3.8699999999999997,78.733,63.933,0.3,63
1980-03-20,62.95,79.82,66,6.96,0.56,3.76,78.733,63.933,0.0,63
1980-03-22,62.95,79.82,66,16.58,-0.48,8.049999999999999,78.733,63.933,1.3,63
1980-03-23,62.95,79.82,66,21.4,-0.32,10.54,78.733,63.933,0.7,63
1980-03-24,62.95,79.82,66,20.44,2.24,11.34,78.733,63.933,2.0,63
1980-03-25,62.95,79.82,66,9.63,-1.52,4.055000000000001,78.733,63.933,-1.0,63
1980-03-27,62.95,79.82,66,11.77,-1.84,4.965,78.733,63.933,-0.6,63
1980-03-28,62.95,79.82,66,13.91,-3.2,5.355,78.733,63.933,0.4,63
1980-03-30,62.95,79.82,66,25.89,4.88,15.385,78.733,63.933,13.3,63
1980-04-01,62.95,79.82,66,13.05,3.28,8.165000000000001,78.733,63.933,3.7,63
1980-04-07,62.95,79.82,66,13.91,2.48,8.195,78.733,63.933,6.2,63
1980-04-08,62.95,79.82,66,27.76,16.8,22.28,78.733,63.933,6.8,63
1980-04-09,62.95,79.82,66,25.2,21.83,23.515,78.733,63.933,3.8,63
1980-04-14,62.95,79.82,66,25.89,8.0,16.945,78.733,63.933,7.4,63
1980-04-20,62.95,79.82,66,25.68,7.12,16.4,78.733,63.933,10.4,63
1980-04-22,62.95,79.82,66,27.82,10.16,18.990000000000002,78.733,63.933,13.0,63
1980-04-23,62.95,79.82,66,31.03,11.76,21.395,78.733,63.933,14.8,63
1980-04-27,62.95,79.82,66,32.1,9.68,20.89,78.733,63.933,12.4,63
1980-04-28,62.95,79.82,66,25.47,10.16,17.814999999999998,78.733,63.933,12.8,63
1980-04-30,62.95,79.82,66,26.75,8.4,17.575,78.733,63.933,12.7,63
1980-05-03,62.95,79.82,66,32.1,9.68,20.89,78.733,63.933,16.0,63
1980-05-04,62.95,79.82,66,36.38,13.76,25.07,78.733,63.933,19.8,63
1980-05-11,62.95,79.82,66,28.96,21.08,25.02,78.733,63.933,14.0,63
1980-05-16,62.95,79.82,66,30.07,10.08,20.075,78.733,63.933,18.4,63
1980-05-28,62.95,79.82,66,34.56,12.0,23.28,78.733,63.933,24.0,63
1980-06-01,62.95,79.82,66,28.89,11.28,20.085,78.733,63.933,22.2,63
1980-06-02,62.95,79.82,66,32.1,12.88,22.490000000000002,78.733,63.933,20.3,63
1980-06-07,62.95,79.82,66,41.84,20.24,31.04,78.733,63.933,24.6,63
1980-06-08,62.95,79.82,66,37.13,16.08,26.605,78.733,63.933,25.6,63
1980-06-09,62.95,79.82,66,37.66,13.76,25.709999999999997,78.733,63.933,25.7,63
1980-06-13,62.95,79.82,66,36.06,13.36,24.71,78.733,63.933,22.8,63
1980-06-14,62.95,79.82,66,36.92,12.56,24.740000000000002,78.733,63.933,26.0,63
1980-06-17,62.95,79.82,66,62.49,16.4,39.445,78.733,63.933,22.3,63
1980-06-18,62.95,79.82,66,30.07,16.88,23.475,78.733,63.933,21.6,63
1980-06-29,62.95,79.82,66,35.31,13.52,24.415,78.733,63.933,25.3,63
1980-06-30,62.95,79.82,66,38.52,13.68,26.1,78.733,63.933,25.6,63
1980-07-04,62.95,79.82,66,41.73,15.84,28.784999999999997,78.733,63.933,30.2,63
1980-07-05,62.95,79.82,66,40.87,19.28,30.075,78.733,63.933,31.0,63
1980-07-06,62.95,79.82,66,38.09,16.08,27.085,78.733,63.933,29.8,63
1980-07-08,62.95,79.82,66,41.2,19.28,30.240000000000002,78.733,63.933,28.2,63
1980-07-11,62.95,79.82,66,34.56,15.92,25.240000000000002,78.733,63.933,26.0,63
1980-07-14,62.95,79.82,66,43.98,15.68,29.83,78.733,63.933,28.6,63
1980-07-16,62.95,79.82,66,43.44,18.16,30.799999999999997,78.733,63.933,30.2,63
1980-07-22,62.95,79.82,66,40.66,15.2,27.93,78.733,63.933,27.2,63
1980-07-25,62.95,79.82,66,36.81,14.72,25.765,78.733,63.933,27.2,63
1980-07-26,62.95,79.82,66,38.31,14.56,26.435000000000002,78.733,63.933,27.3,63
1980-07-28,62.95,79.82,66,38.09,14.88,26.485000000000003,78.733,63.933,28.7,63
1980-07-29,62.95,79.82,66,35.42,14.72,25.07,78.733,63.933,26.8,63
1980-07-30,62.95,79.82,66,37.02,14.4,25.71,78.733,63.933,28.0,63
1980-07-31,62.95,79.82,66,37.45,16.88,27.165,78.733,63.933,28.0,63
1980-08-02,62.95,79.82,66,34.99,13.68,24.335,78.733,63.933,24.8,63
1980-08-03,62.95,79.82,66,60.67,13.6,37.135,78.733,63.933,27.3,63
1980-08-12,62.95,79.82,66,65.16,13.52,39.339999999999996,78.733,63.933,24.0,63
1980-08-15,62.95,79.82,66,33.6,13.6,23.6,78.733,63.933,25.6,63
1980-08-16,62.95,79.82,66,35.63,30.24,32.935,78.733,63.933,24.6,63
1980-08-18,62.95,79.82,66,37.66,13.68,25.669999999999998,78.733,63.933,27.5,63
1980-08-19,62.95,79.82,66,66.66,15.76,41.21,78.733,63.933,30.0,63
1980-08-22,62.95,79.82,66,29.1,11.6,20.35,78.733,63.933,20.2,63
1980-08-24,62.95,79.82,66,58.42,10.88,34.65,78.733,63.933,23.2,63
1980-08-25,62.95,79.82,66,35.84,10.96,23.400000000000002,78.733,63.933,24.5,63
1980-08-27,62.95,79.82,66,38.63,13.76,26.195,78.733,63.933,25.0,63
1980-08-28,62.95,79.82,66,31.14,12.08,21.61,78.733,63.933,21.0,63
1980-08-29,62.95,79.82,66,24.5,12.8,18.65,78.733,63.933,19.7,63
1980-08-31,62.95,79.82,66,56.28,5.76,31.02,78.733,63.933,14.5,63
1980-09-01,62.95,79.82,66,28.03,4.88,16.455000000000002,78.733,63.933,17.4,63
1980-09-06,62.95,79.82,66,27.82,9.6,18.71,78.733,63.933,20.6,63
1980-09-07,62.95,79.82,66,30.28,8.88,19.580000000000002,78.733,63.933,19.5,63
1980-09-09,62.95,79.82,66,29.92,23.22,26.57,78.733,63.933,18.0,63
1980-09-14,62.95,79.82,66,28.89,5.04,16.965,78.733,63.933,16.8,63
1980-09-15,62.95,79.82,66,29.21,6.88,18.045,78.733,63.933,17.3,63
1980-09-16,62.95,79.82,66,34.24,33.12,33.68,78.733,63.933,20.0,63
1980-09-17,62.95,79.82,66,73.08,9.28,41.18,78.733,63.933,25.2,63
