DATE,LATITUDE_C,LONGITUDE_C,ELEVATION_C,PRCP_C,SNWD_C,tmax_c,tmin_c,Tavg_C,LONGITUDE,LATITUDE,ELEVATION,TAVG
1974-08-09,63.08,78.93,64,0.0,0.0,0.0,0.0,0.0,78.733,63.933,63,24.7
1974-08-10,63.08,78.93,64,0.0,0.0,40.32192996742671,18.197027687296416,29.4,78.733,63.933,63,24.8
1974-08-11,63.08,78.93,64,0.0,0.0,36.3,30.900000000000006,33.6,78.733,63.933,63,24.8
1974-10-06,63.08,78.93,64,0.0,0.0,36.3,30.900000000000006,33.6,78.733,63.933,63,15.7
1975-01-28,63.08,78.93,64,0.0,0.0,5.521929967426711,-16.602972312703585,-5.4,78.733,63.933,63,-4.2
1975-02-17,63.08,78.93,64,0.0,0.0,5.521929967426711,-16.602972312703585,-5.4,78.733,63.933,63,-3.5
1975-03-19,63.08,78.93,64,0.0,0.0,20.42,1.9,11.16,78.733,63.933,63,2.8
1975-03-28,63.08,78.93,64,0.0,0.0,20.42,1.9,11.16,78.733,63.933,63,7.4
1975-03-29,63.08,78.93,64,17.0,0.0,9.9,5.699999999999999,7.8,78.733,63.933,63,6.2
1975-03-30,63.08,78.93,64,19.0,0.0,14.93,4.75,9.84,78.733,63.933,63,5.5
1975-03-31,63.08,78.93,64,17.0,0.0,13.2,1.92,7.56,78.733,63.933,63,6.0
1975-04-01,63.08,78.93,64,0.0,0.0,13.2,1.92,7.56,78.733,63.933,63,6.2
1975-04-05,63.08,78.93,64,0.0,0.0,24.2,8.440000000000001,16.32,78.733,63.933,63,7.6
1975-04-18,63.08,78.93,64,0.0,0.0,27.48192996742671,5.357027687296416,16.56,78.733,63.933,63,11.8
1975-04-26,63.08,78.93,64,0.0,3.74,26.4,3.8,15.1,78.733,63.933,63,11.8
1975-05-22,63.08,78.93,64,2.0,0.0,26.4,3.8,15.1,78.733,63.933,63,14.7
1975-06-10,63.08,78.93,64,0.0,0.0,26.4,3.8,15.1,78.733,63.933,63,23.5
1975-06-17,63.08,78.93,64,2.0,0.0,26.4,3.8,15.1,78.733,63.933,63,24.3
1975-06-29,63.08,78.93,64,2.0,0.0,39.6,14.25,26.925,78.733,63.933,63,25.6
1975-07-02,63.08,78.93,64,0.0,3.2,49.92,22.8,36.36,78.733,63.933,63,28.8
1975-07-03,63.08,78.93,64,0.0,0.0,49.92,22.8,36.36,78.733,63.933,63,28.0
1975-07-10,63.08,78.93,64,0.0,0.0,49.92,22.8,36.36,78.733,63.933,63,30.5
1975-07-11,63.08,78.93,64,0.0,0.0,49.92,22.8,36.36,78.733,63.933,63,29.2
1975-07-14,63.08,78.93,64,0.0,0.0,41.521929967426715,19.39702768729642,30.6,78.733,63.933,63,26.2
1975-07-22,63.08,78.93,64,0.0,3.34,37.4,15.2,26.299999999999997,78.733,63.933,63,26.2
1975-07-24,63.08,78.93,64,0.0,0.0,37.4,15.2,26.299999999999997,78.733,63.933,63,26.0
1975-07-25,63.08,78.93,64,0.0,0.0,39.6,15.2,27.4,78.733,63.933,63,27.2
1975-07-26,63.08,78.93,64,0.0,0.0,40.7,18.05,29.375,78.733,63.933,63,26.5
1975-08-03,63.08,78.93,64,0.0,0.0,39.6,19.95,29.775,78.733,63.933,63,27.5
1975-08-06,63.08,78.93,64,0.0,0.0,39.6,19.95,29.775,78.733,63.933,63,30.0
1975-08-09,63.08,78.93,64,0.0,0.0,35.2,23.839999999999996,29.52,78.733,63.933,63,24.6
1975-08-10,63.08,78.93,64,0.0,0.0,36.3,12.35,24.325,78.733,63.933,63,24.8
1975-08-12,63.08,78.93,64,0.0,0.0,35.2,20.0,27.6,78.733,63.933,63,24.3
1975-08-13,63.08,78.93,64,0.0,0.0,34.1,14.25,24.175,78.733,63.933,63,24.5
1975-08-16,63.08,78.93,64,0.0,0.0,37.4,16.120000000000005,26.76,78.733,63.933,63,22.0
1975-09-05,63.08,78.93,64,0.0,0.0,61.49,11.4,36.445,78.733,63.933,63,22.7
1975-09-06,63.08,78.93,64,0.0,0.0,27.5,11.4,19.45,78.733,63.933,63,21.2
1975-09-09,63.08,78.93,64,0.0,0.0,27.5,11.4,19.45,78.733,63.933,63,20.0
1975-09-14,63.08,78.93,64,3.0,0.0,30.8,14.8,22.8,78.733,63.933,63,19.3
1975-09-22,63.08,78.93,64,0.0,0.0,30.8,14.8,22.8,78.733,63.933,63,22.2
1975-09-27,63.08,78.93,64,0.0,0.0,91.74,5.7,48.72,78.733,63.933,63,19.2
1975-10-07,63.08,78.93,64,0.0,0.0,91.74,5.7,48.72,78.733,63.933,63,17.2
1975-10-17,63.08,78.93,64,0.0,0.0,9.9,-0.95,4.4750000000000005,78.733,63.933,63,4.6
1975-10-24,63.08,78.93,64,0.0,0.0,9.9,-0.95,4.4750000000000005,78.733,63.933,63,4.8
1975-10-27,63.08,78.93,64,0.0,0.0,9.9,-0.95,4.4750000000000005,78.733,63.933,63,7.7
1975-10-30,63.08,78.93,64,0.0,0.0,4.4,-4.4,0.0,78.733,63.933,63,0.0
1975-11-10,63.08,78.93,64,0.0,0.0,5.5,-10.45,-2.4749999999999996,78.733,63.933,63,-1.2
1975-11-11,63.08,78.93,64,0.0,0.0,25.18,11.0,18.09,78.733,63.933,63,0.6
1975-11-13,63.08,78.93,64,1.0,0.0,2.2,-10.120000000000001,-3.9600000000000004,78.733,63.933,63,-2.0
1975-11-14,63.08,78.93,64,0.0,0.0,-2.2,-12.919999999999998,-7.559999999999999,78.733,63.933,63,-2.6
1975-11-15,63.08,78.93,64,0.0,0.0,2.2,-7.0,-2.4,78.733,63.933,63,-2.8
1975-11-16,63.08,78.93,64,0.0,0.0,6.6,-15.524902280130295,-4.321929967426712,78.733,63.933,63,0.4
1975-11-19,63.08,78.93,64,0.0,0.0,6.6,-15.524902280130295,-4.321929967426712,78.733,63.933,63,1.0
1975-11-26,63.08,78.93,64,0.0,0.0,9.9,-3.8,3.0500000000000003,78.733,63.933,63,2.5
1975-12-02,63.08,78.93,64,0.0,0.0,9.9,-3.8,3.0500000000000003,78.733,63.933,63,0.3
1975-12-05,63.08,78.93,64,0.0,0.0,1.1,-8.3,-3.6000000000000005,78.733,63.933,63,-0.2
1975-12-07,63.08,78.93,64,0.0,0.0,1.1,-8.3,-3.6000000000000005,78.733,63.933,63,-3.7
1975-12-08,63.08,78.93,64,0.0,0.0,10.48,-7.6,1.4400000000000004,78.733,63.933,63,-4.2
1975-12-09,63.08,78.93,64,0.0,0.0,10.48,-7.6,1.4400000000000004,78.733,63.933,63,-3.6
1975-12-11,63.08,78.93,64,3.0,3.74,6.6,-4.199999999999999,1.2000000000000002,78.733,63.933,63,-1.2
1975-12-13,63.08,78.93,64,0.0,0.0,2.2,-4.12,-0.96,78.733,63.933,63,-0.6
1975-12-15,63.08,78.93,64,0.0,3.88,-2.2,-11.239999999999998,-6.719999999999999,78.733,63.933,63,-5.5
1975-12-17,63.08,78.93,64,0.0,0.0,6.6,-9.48,-1.4400000000000004,78.733,63.933,63,-1.2
1975-12-18,63.08,78.93,64,0.0,0.0,7.7,-18.02,-5.16,78.733,63.933,63,-1.0
1975-12-21,63.08,78.93,64,0.0,3.03,13.2,-4.75,4.225,78.733,63.933,63,1.0
1975-12-26,63.08,78.93,64,0.0,0.0,6.6,-9.0,-1.2000000000000002,78.733,63.933,63,0.8
1975-12-27,63.08,78.93,64,0.0,0.0,6.6,-9.0,-1.2000000000000002,78.733,63.933,63,0.0
1975-12-28,63.08,78.93,64,0.0,0.0,4.4,-2.4800000000000004,0.96,78.733,63.933,63,0.0
1975-12-30,63.08,78.93,64,0.0,0.0,4.4,-2.4800000000000004,0.96,78.733,63.933,63,1.7
1976-01-04,63.08,78.93,64,0.0,0.0,2.2,-19.924902280130294,-8.72192996742671,78.733,63.933,63,-1.6
1976-01-06,63.08,78.93,64,0.0,0.0,14.3,-5.1800000000000015,4.56,78.733,63.933,63,2.8
1976-01-07,63.08,78.93,64,0.0,0.0,14.3,-5.1800000000000015,4.56,78.733,63.933,63,-0.3
1976-01-08,63.08,78.93,64,0.0,0.0,2.2,-7.48,-2.64,78.733,63.933,63,-3.8
1976-01-13,63.08,78.93,64,0.0,0.0,-1.1,-3.8,-2.45,78.733,63.933,63,-1.8
1976-01-15,63.08,78.93,64,5.0,0.0,4.4,-8.24,-1.92,78.733,63.933,63,-2.5
1976-01-16,63.08,78.93,64,0.0,0.0,4.4,-8.24,-1.92,78.733,63.933,63,-3.5
1976-01-18,63.08,78.93,64,0.0,0.0,3.3,-4.26,-0.48,78.733,63.933,63,-0.5
1976-01-19,63.08,78.93,64,10.0,0.0,4.4,-1.9,1.2500000000000002,78.733,63.933,63,0.0
1976-01-26,63.08,78.93,64,0.0,0.0,4.4,-1.9,1.2500000000000002,78.733,63.933,63,-4.5
1976-02-08,63.08,78.93,64,0.0,0.0,-1.1,-5.619999999999999,-3.3599999999999994,78.733,63.933,63,-4.8
1976-02-12,63.08,78.93,64,0.0,0.0,-1.1,-5.619999999999999,-3.3599999999999994,78.733,63.933,63,-10.4
1976-02-13,63.08,78.93,64,0.0,0.0,-6.6,-15.2,-10.899999999999999,78.733,63.933,63,-11.5
1976-02-14,63.08,78.93,64,0.0,0.0,-8.8,-16.15,-12.475,78.733,63.933,63,-13.3
1976-02-17,63.08,78.93,64,0.0,0.0,-12.1,-34.224902280130294,-23.02192996742671,78.733,63.933,63,-16.3
1976-02-22,63.08,78.93,64,0.0,2.28,-12.1,-34.224902280130294,-23.02192996742671,78.733,63.933,63,-5.2
1976-02-24,63.08,78.93,64,0.0,0.0,-12.1,-34.224902280130294,-23.02192996742671,78.733,63.933,63,-14.2
1976-02-26,63.08,78.93,64,0.0,0.0,-9.760000000000002,-15.2,-12.48,78.733,63.933,63,-13.4
1976-03-02,63.08,78.93,64,100.0,0.0,-9.760000000000002,-15.2,-12.48,78.733,63.933,63,-4.5
1976-03-06,63.08,78.93,64,0.0,0.0,-9.760000000000002,-15.2,-12.48,78.733,63.933,63,-8.4
1976-03-13,63.08,78.93,64,0.0,3.96,6.6,-7.8,-0.6000000000000001,78.733,63.933,63,-4.3
1976-03-16,63.08,78.93,64,1.0,0.0,1.1,-9.74,-4.32,78.733,63.933,63,-6.0
1976-03-24,63.08,78.93,64,0.0,0.0,3.3,-6.9,-1.8000000000000003,78.733,63.933,63,-3.3
1976-03-28,63.08,78.93,64,0.0,0.0,3.3,-6.9,-1.8000000000000003,78.733,63.933,63,-5.0
1976-03-31,63.08,78.93,64,0.0,0.0,3.3,-6.9,-1.8000000000000003,78.733,63.933,63,-0.5
1976-04-02,63.08,78.93,64,19.0,2.32,3.3,-6.9,-1.8000000000000003,78.733,63.933,63,2.0
1976-04-05,63.08,78.93,64,0.0,0.0,3.3,-6.9,-1.8000000000000003,78.733,63.933,63,4.2
1976-04-11,63.08,78.93,64,0.0,0.0,25.3,0.95,13.125,78.733,63.933,63,6.0
1976-04-21,63.08,78.93,64,0.0,0.0,23.1,8.55,15.825000000000001,78.733,63.933,63,9.8
1976-04-26,63.08,78.93,64,0.0,0.0,47.41,11.4,29.404999999999998,78.733,63.933,63,4.0
1976-04-28,63.08,78.93,64,0.0,0.0,26.4,4.275097719869704,15.478070032573287,78.733,63.933,63,7.0
1976-04-29,63.08,78.93,64,0.0,0.0,26.4,4.275097719869704,15.478070032573287,78.733,63.933,63,7.2
1976-04-30,63.08,78.93,64,0.0,0.0,57.75,6.65,32.2,78.733,63.933,63,14.0
1976-05-02,63.08,78.93,64,0.0,0.0,57.75,6.65,32.2,78.733,63.933,63,16.4
1976-05-03,63.08,78.93,64,0.0,0.0,45.739999999999995,13.3,29.519999999999996,78.733,63.933,63,13.8
1976-05-05,63.08,78.93,64,0.0,0.0,45.739999999999995,13.3,29.519999999999996,78.733,63.933,63,11.2
1976-05-11,63.08,78.93,64,0.0,0.0,45.739999999999995,13.3,29.519999999999996,78.733,63.933,63,17.5
1976-05-19,63.08,78.93,64,22.0,0.0,45.739999999999995,13.3,29.519999999999996,78.733,63.933,63,18.2
1976-05-20,63.08,78.93,64,0.0,3.42,77.88,-20.279999999999994,28.8,78.733,63.933,63,23.0
1976-05-22,63.08,78.93,64,15.0,0.0,77.88,-20.279999999999994,28.8,78.733,63.933,63,20.0
1976-05-23,63.08,78.93,64,0.0,0.0,28.6,24.199999999999996,26.4,78.733,63.933,63,21.4
1976-05-28,63.08,78.93,64,7.0,0.0,22.0,18.799999999999997,20.4,78.733,63.933,63,19.0
1976-06-03,63.08,78.93,64,0.0,0.0,36.3,17.700000000000003,27.0,78.733,63.933,63,20.8
1976-06-09,63.08,78.93,64,0.0,0.0,33.0,18.119999999999997,25.56,78.733,63.933,63,21.4
1976-06-10,63.08,78.93,64,0.0,0.0,36.3,18.900000000000006,27.6,78.733,63.933,63,23.4
1976-06-12,63.08,78.93,64,0.0,3.42,33.0,25.08,29.04,78.733,63.933,63,22.8
1976-06-17,63.08,78.93,64,0.0,0.0,33.0,25.08,29.04,78.733,63.933,63,24.8
1976-06-18,63.08,78.93,64,0.0,0.0,33.0,25.08,29.04,78.733,63.933,63,23.8
1976-06-25,63.08,78.93,64,0.0,0.0,44.0,19.0,31.5,78.733,63.933,63,29.0
1976-07-02,63.08,78.93,64,0.0,0.0,71.88,33.0,52.44,78.733,63.933,63,22.4
1976-07-05,63.08,78.93,64,0.0,0.0,31.9,18.020000000000003,24.96,78.733,63.933,63,24.0
1976-07-10,63.08,78.93,64,0.0,0.0,37.4,18.05,27.725,78.733,63.933,63,24.0
1976-07-12,63.08,78.93,64,0.0,0.0,37.4,18.05,27.725,78.733,63.933,63,29.2
1976-07-14,63.08,78.93,64,0.0,0.0,37.4,18.05,27.725,78.733,63.933,63,27.5
1976-07-22,63.08,78.93,64,0.0,0.0,34.1,18.05,26.075000000000003,78.733,63.933,63,24.5
1976-07-23,63.08,78.93,64,0.0,0.0,36.3,20.1,28.2,78.733,63.933,63,25.8
1976-07-24,63.08,78.93,64,0.0,0.0,37.4,14.920000000000002,26.16,78.733,63.933,63,25.0
1976-07-26,63.08,78.93,64,0.0,0.0,39.6,20.9,30.25,78.733,63.933,63,24.4
1976-07-28,63.08,78.93,64,0.0,0.0,39.6,20.9,30.25,78.733,63.933,63,28.5
1976-07-29,63.08,78.93,64,0.0,3.49,45.8,19.0,32.4,78.733,63.933,63,26.8
1976-07-31,63.08,78.93,64,0.0,0.0,41.8,18.68,30.24,78.733,63.933,63,27.8
1976-08-03,63.08,78.93,64,0.0,0.0,41.8,18.68,30.24,78.733,63.933,63,27.0
1976-08-05,63.08,78.93,64,0.0,0.0,41.8,31.400000000000006,36.6,78.733,63.933,63,28.8
1976-08-08,63.08,78.93,64,0.0,0.0,48.72192996742671,26.597027687296414,37.8,78.733,63.933,63,28.8
1976-08-12,63.08,78.93,64,0.0,0.0,39.72192996742671,17.597027687296418,28.8,78.733,63.933,63,26.8
1976-08-14,63.08,78.93,64,0.0,0.0,39.72192996742671,17.597027687296418,28.8,78.733,63.933,63,25.8
1976-08-16,63.08,78.93,64,0.0,0.0,36.3,11.700000000000003,24.0,78.733,63.933,63,24.8
1976-08-18,63.08,78.93,64,0.0,0.0,36.3,11.700000000000003,24.0,78.733,63.933,63,25.0
1976-08-20,63.08,78.93,64,0.0,0.0,38.5,27.019999999999996,32.76,78.733,63.933,63,24.6
1976-08-22,63.08,78.93,64,0.0,0.0,38.5,27.019999999999996,32.76,78.733,63.933,63,27.4
1976-08-23,63.08,78.93,64,0.0,0.0,38.5,27.019999999999996,32.76,78.733,63.933,63,27.5
1976-08-24,63.08,78.93,64,0.0,0.0,38.5,27.019999999999996,32.76,78.733,63.933,63,25.8
1976-08-25,63.08,78.93,64,0.0,0.0,35.2,22.4,28.8,78.733,63.933,63,25.8
1976-08-27,63.08,78.93,64,0.0,0.0,37.4,15.2,26.299999999999997,78.733,63.933,63,26.0
1976-08-28,63.08,78.93,64,0.0,0.0,67.87,-9.310000000000002,29.28,78.733,63.933,63,25.2
1976-08-30,63.08,78.93,64,0.0,0.0,67.87,-9.310000000000002,29.28,78.733,63.933,63,24.3
1976-09-02,63.08,78.93,64,0.0,0.0,28.6,12.35,20.475,78.733,63.933,63,22.5
1976-09-03,63.08,78.93,64,0.0,0.0,69.52,13.3,41.41,78.733,63.933,63,21.5
1976-09-06,63.08,78.93,64,0.0,0.0,69.52,13.3,41.41,78.733,63.933,63,23.0
1976-09-07,63.08,78.93,64,0.0,0.0,33.0,10.45,21.725,78.733,63.933,63,22.3
1976-09-08,63.08,78.93,64,0.0,0.0,33.0,11.4,22.2,78.733,63.933,63,21.5
1976-09-12,63.08,78.93,64,0.0,0.0,69.0019299674267,46.87702768729642,58.08,78.733,63.933,63,16.8
1976-09-13,63.08,78.93,64,0.0,0.0,24.2,13.720000000000002,18.96,78.733,63.933,63,17.2
1976-09-23,63.08,78.93,64,0.0,0.0,29.7,9.5,19.6,78.733,63.933,63,17.7
1976-09-24,63.08,78.93,64,0.0,0.0,29.7,9.5,19.6,78.733,63.933,63,17.2
1976-09-27,63.08,78.93,64,0.0,0.0,26.4,9.5,17.95,78.733,63.933,63,16.8
1976-09-29,63.08,78.93,64,0.0,0.0,26.4,9.5,17.95,78.733,63.933,63,13.4
1976-10-03,63.08,78.93,64,59.0,0.0,12.1,1.9,7.0,78.733,63.933,63,7.8
1976-10-10,63.08,78.93,64,0.0,0.0,22.921929967426713,0.797027687296417,12.0,78.733,63.933,63,11.5
1976-10-12,63.08,78.93,64,0.0,0.0,22.921929967426713,0.797027687296417,12.0,78.733,63.933,63,13.0
1976-10-15,63.08,78.93,64,0.0,0.0,30.8,7.6,19.2,78.733,63.933,63,12.0
1976-10-19,63.08,78.93,64,6.0,0.0,30.8,7.6,19.2,78.733,63.933,63,-4.2
1976-11-01,63.08,78.93,64,0.0,0.0,13.12,-7.6,2.76,78.733,63.933,63,-1.4
1976-11-02,63.08,78.93,64,0.0,0.0,20.881929967426714,-1.242972312703582,9.96,78.733,63.933,63,5.5
1976-11-05,63.08,78.93,64,0.0,0.0,20.881929967426714,-1.242972312703582,9.96,78.733,63.933,63,5.8
1976-11-07,63.08,78.93,64,0.0,0.0,1.1,-9.5,-4.2,78.733,63.933,63,-1.6
1976-11-09,63.08,78.93,64,1.0,0.0,14.3,-17.66,-1.6799999999999997,78.733,63.933,63,0.5
1976-11-10,63.08,78.93,64,1.0,0.0,9.961929967426713,-12.162972312703584,-0.96,78.733,63.933,63,-0.7
1976-11-11,63.08,78.93,64,0.0,0.0,9.481929967426712,-12.642972312703582,-1.44,78.733,63.933,63,-1.3
1976-11-12,63.08,78.93,64,0.0,0.0,0.0,-16.8,-8.4,78.733,63.933,63,-2.2
1976-11-14,63.08,78.93,64,0.0,0.0,0.0,-16.8,-8.4,78.733,63.933,63,-4.0
1976-11-16,63.08,78.93,64,0.0,0.0,9.9,-5.7,2.1,78.733,63.933,63,-1.2
1976-11-18,63.08,78.93,64,0.0,0.0,4.921929967426712,-17.202972312703583,-6.0,78.733,63.933,63,-0.7
1976-11-20,63.08,78.93,64,0.0,2.42,4.66,-13.3,-4.32,78.733,63.933,63,-3.3
1976-11-21,63.08,78.93,64,0.0,0.0,5.5,-9.34,-1.92,78.733,63.933,63,-1.0
1976-11-22,63.08,78.93,64,0.0,0.0,53.68,15.77,34.725,78.733,63.933,63,1.2
1976-11-24,63.08,78.93,64,0.0,0.0,53.68,15.77,34.725,78.733,63.933,63,1.5
1976-11-25,63.08,78.93,64,0.0,0.0,53.68,15.77,34.725,78.733,63.933,63,-0.4
1976-11-29,63.08,78.93,64,0.0,0.0,9.9,-12.224902280130294,-1.0219299674267113,78.733,63.933,63,-1.5
1976-12-02,63.08,78.93,64,0.0,0.0,26.62,12.06,19.34,78.733,63.933,63,-3.0
1976-12-03,63.08,78.93,64,0.0,0.0,2.2,-9.5,-3.65,78.733,63.933,63,-4.0
1976-12-04,63.08,78.93,64,0.0,0.0,3.3,-11.219999999999999,-3.9599999999999995,78.733,63.933,63,-1.2
1976-12-05,63.08,78.93,64,0.0,0.0,1.1,-12.62,-5.76,78.733,63.933,63,-1.4
1976-12-08,63.08,78.93,64,0.0,2.48,1.1,-21.020000000000003,-9.96,78.733,63.933,63,-4.6
1976-12-09,63.08,78.93,64,0.0,0.0,34.98,-11.4,11.79,78.733,63.933,63,-3.2
1976-12-12,63.08,78.93,64,13.0,0.0,-1.1,-10.42,-5.76,78.733,63.933,63,-5.0
1976-12-15,63.08,78.93,64,0.0,0.0,-4.4,-11.4,-7.9,78.733,63.933,63,-5.2
1976-12-16,63.08,78.93,64,0.0,0.0,1.1,-7.6,-3.25,78.733,63.933,63,-5.5
1976-12-17,63.08,78.93,64,14.0,0.0,1.1,-7.6,-3.25,78.733,63.933,63,-2.2
1976-12-18,63.08,78.93,64,45.0,0.0,-1.1,-9.700000000000001,-5.4,78.733,63.933,63,-1.6
1976-12-23,63.08,78.93,64,0.0,0.0,-22.0,-24.7,-23.35,78.733,63.933,63,-17.8
1976-12-24,63.08,78.93,64,0.0,0.0,-18.7,-24.7,-21.7,78.733,63.933,63,-17.8
1976-12-25,63.08,78.93,64,0.0,0.0,-18.7,-24.7,-21.7,78.733,63.933,63,-16.3
1976-12-26,63.08,78.93,64,0.0,0.0,6.6,-13.3,-3.3500000000000005,78.733,63.933,63,-9.2
1976-12-27,63.08,78.93,64,0.0,0.0,-4.4,-12.4,-8.4,78.733,63.933,63,-6.0
1976-12-28,63.08,78.93,64,0.0,0.0,-3.3,-9.5,-6.4,78.733,63.933,63,-7.6
1976-12-29,63.08,78.93,64,0.0,0.0,-3.3,-9.5,-6.4,78.733,63.933,63,-7.3
1977-01-02,63.08,78.93,64,0.0,0.0,-17.6,-34.24,-25.92,78.733,63.933,63,-17.2
1977-01-04,63.08,78.93,64,0.0,0.0,15.07,-25.65,-5.289999999999999,78.733,63.933,63,-21.4
1977-01-05,63.08,78.93,64,0.0,0.0,19.91,-25.65,-2.869999999999999,78.733,63.933,63,-19.7
1977-01-06,63.08,78.93,64,0.0,2.22,-8.8,-20.9,-14.85,78.733,63.933,63,-15.6
1977-01-07,63.08,78.93,64,0.0,0.0,-10.309999999999995,-21.85,-16.08,78.733,63.933,63,-13.6
1977-01-08,63.08,78.93,64,0.0,0.0,-9.9,-17.1,-13.5,78.733,63.933,63,-11.0
1977-01-12,63.08,78.93,64,0.0,0.0,-5.5,-20.18,-12.84,78.733,63.933,63,-12.8
1977-01-13,63.08,78.93,64,0.0,0.0,32.45,-19.0,6.725000000000001,78.733,63.933,63,-15.4
1977-01-16,63.08,78.93,64,800.0,2.6,-6.3580700325732895,-28.482972312703584,-17.28,78.733,63.933,63,-16.0
1977-01-18,63.08,78.93,64,800.0,0.0,-17.6,-21.85,-19.725,78.733,63.933,63,-21.2
1977-01-19,63.08,78.93,64,71.0,0.0,-5.5,-24.7,-15.1,78.733,63.933,63,-16.0
1977-01-20,63.08,78.93,64,0.0,0.0,-7.7,-21.580000000000002,-14.64,78.733,63.933,63,-16.2
1977-01-21,63.08,78.93,64,0.0,0.0,-16.5,-47.81999999999999,-32.16,78.733,63.933,63,-26.2
1977-01-22,63.08,78.93,64,0.0,0.0,-28.5,-28.619999999999997,-28.56,78.733,63.933,63,-28.3
1977-01-23,63.08,78.93,64,0.0,0.0,15.62,-27.55,-5.965000000000001,78.733,63.933,63,-27.6
1977-01-24,63.08,78.93,64,0.0,0.0,-19.8,-29.45,-24.625,78.733,63.933,63,-24.8
1977-01-28,63.08,78.93,64,0.0,2.94,-4.4,-18.64,-11.52,78.733,63.933,63,-13.2
1977-01-29,63.08,78.93,64,0.0,0.0,-8.8,-30.924902280130294,-19.72192996742671,78.733,63.933,63,-15.8
1977-02-01,63.08,78.93,64,0.0,0.0,-9.9,-24.7,-17.3,78.733,63.933,63,-21.5
1977-02-09,63.08,78.93,64,0.0,0.0,-15.4,-22.8,-19.1,78.733,63.933,63,-24.8
1977-02-11,63.08,78.93,64,0.0,0.0,-3.3,-15.2,-9.25,78.733,63.933,63,-9.6
1977-02-14,63.08,78.93,64,0.0,0.0,31.06,1.1,16.08,78.733,63.933,63,-0.3
1977-02-15,63.08,78.93,64,0.0,0.0,8.04192996742671,-14.082972312703582,-2.88,78.733,63.933,63,-9.0
1977-02-16,63.08,78.93,64,0.0,0.0,1.1,-14.54,-6.72,78.733,63.933,63,-9.8
1977-02-17,63.08,78.93,64,0.0,0.0,-1.1,-9.5,-5.3,78.733,63.933,63,-10.2
1977-02-19,63.08,78.93,64,0.0,0.0,5.5,-11.4,-2.95,78.733,63.933,63,-8.5
1977-02-20,63.08,78.93,64,0.0,0.0,9.9,-6.0600000000000005,1.92,78.733,63.933,63,-7.4
1977-02-23,63.08,78.93,64,0.0,0.0,8.8,-2.85,2.9750000000000005,78.733,63.933,63,0.5
1977-02-24,63.08,78.93,64,0.0,0.0,22.04,13.2,17.619999999999997,78.733,63.933,63,1.7
1977-02-27,63.08,78.93,64,0.0,0.0,22.04,13.2,17.619999999999997,78.733,63.933,63,-17.8
1977-02-28,63.08,78.93,64,0.0,0.0,2.2,-13.3,-5.550000000000001,78.733,63.933,63,-8.0
1977-03-01,63.08,78.93,64,0.0,0.0,14.3,-4.700000000000001,4.8,78.733,63.933,63,-0.2
1977-03-13,63.08,78.93,64,0.0,0.0,17.6,3.5199999999999996,10.56,78.733,63.933,63,0.3
1977-03-21,63.08,78.93,64,0.0,0.0,24.12192996742671,1.9970276872964163,13.2,78.733,63.933,63,1.4
1977-04-04,63.08,78.93,64,0.0,0.0,22.0,-0.12490228013029459,11.078070032573288,78.733,63.933,63,0.8
1977-04-09,63.08,78.93,64,0.0,0.0,30.8,1.9,16.35,78.733,63.933,63,3.5
1977-04-11,63.08,78.93,64,0.0,0.0,74.69,4.75,39.72,78.733,63.933,63,13.2
1977-04-13,63.08,78.93,64,0.0,0.0,34.1,18.699999999999996,26.4,78.733,63.933,63,8.6
1977-04-20,63.08,78.93,64,0.0,0.0,33.0,11.4,22.2,78.733,63.933,63,18.6
1977-04-23,63.08,78.93,64,0.0,0.0,25.3,7.6,16.45,78.733,63.933,63,12.2
1977-04-24,63.08,78.93,64,0.0,0.0,34.201929967426715,12.077027687296418,23.28,78.733,63.933,63,13.8
1977-05-01,63.08,78.93,64,0.0,0.0,30.8,7.6,19.2,78.733,63.933,63,13.2
1977-05-02,63.08,78.93,64,211.0,0.0,30.8,8.675097719869708,19.87807003257329,78.733,63.933,63,12.6
1977-05-07,63.08,78.93,64,0.0,0.0,57.64,-22.119999999999997,17.76,78.733,63.933,63,13.2
1977-05-11,63.08,78.93,64,0.0,0.0,35.2,17.1,26.150000000000002,78.733,63.933,63,18.0
1977-05-15,63.08,78.93,64,0.0,3.22,41.94,17.1,29.52,78.733,63.933,63,18.2
1977-05-21,63.08,78.93,64,0.0,0.0,30.8,27.52,29.16,78.733,63.933,63,21.0
1977-05-26,63.08,78.93,64,0.0,0.0,68.64,19.95,44.295,78.733,63.933,63,22.5
1977-05-28,63.08,78.93,64,0.0,0.0,31.9,25.22,28.56,78.733,63.933,63,22.0
1977-05-30,63.08,78.93,64,0.0,0.0,63.36,-21.119999999999997,21.12,78.733,63.933,63,20.2
1977-06-02,63.08,78.93,64,0.0,0.0,42.08,36.3,39.19,78.733,63.933,63,20.8
1977-06-07,63.08,78.93,64,0.0,3.82,38.5,17.1,27.8,78.733,63.933,63,27.3
1977-06-08,63.08,78.93,64,0.0,0.0,40.7,31.299999999999997,36.0,78.733,63.933,63,25.5
1977-06-10,63.08,78.93,64,0.0,0.0,39.6,20.9,30.25,78.733,63.933,63,27.8
1977-06-12,63.08,78.93,64,20.0,0.0,42.9,23.82,33.36,78.733,63.933,63,26.3
1977-06-14,63.08,78.93,64,20.0,0.0,44.0,32.8,38.4,78.733,63.933,63,29.5
1977-06-15,63.08,78.93,64,0.0,0.0,44.0,19.95,31.975,78.733,63.933,63,28.6
1977-06-17,63.08,78.93,64,0.0,0.0,44.0,23.75,33.875,78.733,63.933,63,27.0
1977-06-20,63.08,78.93,64,0.0,0.0,71.94,20.9,46.42,78.733,63.933,63,25.8
1977-06-23,63.08,78.93,64,0.0,0.0,39.6,29.520000000000003,34.56,78.733,63.933,63,27.0
1977-06-24,63.08,78.93,64,0.0,0.0,45.33,19.95,32.64,78.733,63.933,63,28.6
1977-06-25,63.08,78.93,64,0.0,0.0,38.5,26.299999999999997,32.4,78.733,63.933,63,28.0
1977-06-28,63.08,78.93,64,0.0,0.0,41.881929967426714,19.757027687296418,30.96,78.733,63.933,63,24.3
1977-07-08,63.08,78.93,64,0.0,0.0,70.95,3.9299999999999926,37.44,78.733,63.933,63,27.5
1977-07-17,63.08,78.93,64,0.0,0.0,40.7,18.05,29.375,78.733,63.933,63,26.7
1977-07-22,63.08,78.93,64,0.0,0.0,39.6,20.9,30.25,78.733,63.933,63,27.0
1977-07-23,63.08,78.93,64,0.0,0.0,37.4,23.75,30.575,78.733,63.933,63,27.0
1977-07-29,63.08,78.93,64,0.0,0.0,36.3,18.05,27.174999999999997,78.733,63.933,63,24.8
1977-08-01,63.08,78.93,64,0.0,0.0,36.3,19.0,27.65,78.733,63.933,63,24.0
1977-08-04,63.08,78.93,64,0.0,0.0,37.4,17.1,27.25,78.733,63.933,63,24.6
1977-08-07,63.08,78.93,64,0.0,0.0,35.2,23.119999999999997,29.16,78.733,63.933,63,25.7
1977-08-08,63.08,78.93,64,0.0,0.0,41.94,17.1,29.52,78.733,63.933,63,26.6
1977-08-09,63.08,78.93,64,0.0,0.0,39.6,16.15,27.875,78.733,63.933,63,30.0
1977-08-10,63.08,78.93,64,0.0,0.0,38.5,25.819999999999993,32.16,78.733,63.933,63,26.0
1977-08-11,63.08,78.93,64,0.0,0.0,34.1,16.15,25.125,78.733,63.933,63,25.0
1977-08-12,63.08,78.93,64,0.0,0.0,36.3,17.1,26.7,78.733,63.933,63,25.8
1977-08-13,63.08,78.93,64,0.0,3.35,93.88,37.4,65.64,78.733,63.933,63,29.0
1977-08-15,63.08,78.93,64,0.0,0.0,36.3,18.900000000000006,27.6,78.733,63.933,63,25.0
1977-08-21,63.08,78.93,64,0.0,0.0,34.1,14.25,24.175,78.733,63.933,63,22.5
1977-08-24,63.08,78.93,64,0.0,0.0,33.0,24.119999999999997,28.56,78.733,63.933,63,23.5
1977-08-25,63.08,78.93,64,0.0,2.52,39.6,21.839999999999996,30.72,78.733,63.933,63,30.0
1977-08-26,63.08,78.93,64,0.0,0.0,70.51,17.1,43.80500000000001,78.733,63.933,63,25.0
1977-08-28,63.08,78.93,64,0.0,0.0,35.2,8.0,21.6,78.733,63.933,63,20.5
1977-08-29,63.08,78.93,64,0.0,0.0,26.4,10.45,18.424999999999997,78.733,63.933,63,19.5
1977-08-30,63.08,78.93,64,0.0,0.0,25.3,11.4,18.35,78.733,63.933,63,19.8
1977-09-02,63.08,78.93,64,0.0,0.0,30.8,17.2,24.0,78.733,63.933,63,20.3
1977-09-04,63.08,78.93,64,0.0,0.0,66.77,-16.369999999999997,25.2,78.733,63.933,63,22.5
1977-09-06,63.08,78.93,64,0.0,0.0,27.95,10.45,19.2,78.733,63.933,63,17.2
1977-09-07,63.08,78.93,64,0.0,0.0,29.7,9.5,19.6,78.733,63.933,63,20.6
1977-09-08,63.08,78.93,64,0.0,0.0,33.0,9.719999999999999,21.36,78.733,63.933,63,21.8
1977-09-11,63.08,78.93,64,0.0,2.6,31.9,18.980000000000004,25.44,78.733,63.933,63,23.0
1977-09-13,63.08,78.93,64,0.0,0.0,35.2,15.199999999999996,25.2,78.733,63.933,63,22.0
1977-09-16,63.08,78.93,64,0.0,0.0,35.2,14.25,24.725,78.733,63.933,63,22.8
1977-09-24,63.08,78.93,64,0.0,2.84,65.12,8.55,36.835,78.733,63.933,63,17.6
1977-09-25,63.08,78.93,64,0.0,0.0,35.2,18.559999999999995,26.88,78.733,63.933,63,23.8
1977-09-26,63.08,78.93,64,0.0,0.0,45.019999999999996,13.3,29.159999999999997,78.733,63.933,63,22.4
1977-09-27,63.08,78.93,64,0.0,0.0,30.8,19.359999999999996,25.08,78.733,63.933,63,20.3
1977-09-28,63.08,78.93,64,0.0,0.0,35.2,7.519999999999996,21.36,78.733,63.933,63,19.2
1977-09-29,63.08,78.93,64,0.0,0.0,30.8,7.599999999999998,19.2,78.733,63.933,63,17.8
1977-10-02,63.08,78.93,64,0.0,0.0,18.7,10.100000000000001,14.4,78.733,63.933,63,10.7
1977-10-03,63.08,78.93,64,0.0,0.0,17.3,1.9,9.6,78.733,63.933,63,10.4
1977-10-04,63.08,78.93,64,0.0,0.0,26.4,4.800000000000001,15.6,78.733,63.933,63,12.8
1977-10-05,63.08,78.93,64,0.0,0.0,69.52,2.85,36.184999999999995,78.733,63.933,63,14.8
1977-10-06,63.08,78.93,64,0.0,0.0,62.81,-32.57000000000001,15.119999999999997,78.733,63.933,63,13.4
1977-10-09,63.08,78.93,64,0.0,0.0,25.3,6.65,15.975000000000001,78.733,63.933,63,12.4
1977-10-10,63.08,78.93,64,0.0,0.0,25.3,11.179999999999996,18.24,78.733,63.933,63,14.2
1977-10-13,63.08,78.93,64,5.0,0.0,17.6,7.119999999999997,12.36,78.733,63.933,63,11.8
1977-10-14,63.08,78.93,64,10.0,0.0,19.8,6.65,13.225000000000001,78.733,63.933,63,10.4
1977-10-16,63.08,78.93,64,0.0,0.0,26.4,7.200000000000003,16.8,78.733,63.933,63,13.2
1977-10-17,63.08,78.93,64,0.0,0.0,18.7,10.100000000000001,14.4,78.733,63.933,63,11.2
1977-10-18,63.08,78.93,64,5.0,0.0,13.2,7.920000000000002,10.56,78.733,63.933,63,7.8
1977-10-19,63.08,78.93,64,30.0,0.0,14.281929967426711,-7.8429723127035835,3.36,78.733,63.933,63,3.8
1977-10-21,63.08,78.93,64,10.0,0.0,16.5,-5.624902280130295,5.578070032573288,78.733,63.933,63,6.0
1977-10-25,63.08,78.93,64,0.0,0.0,27.83,-0.95,13.44,78.733,63.933,63,6.6
1977-11-01,63.08,78.93,64,0.0,0.0,57.2,-38.480000000000004,9.36,78.733,63.933,63,6.4
1977-11-04,63.08,78.93,64,0.0,0.0,13.2,3.8,8.5,78.733,63.933,63,6.2
1977-11-06,63.08,78.93,64,0.0,0.0,23.08,3.8,13.44,78.733,63.933,63,7.8
1977-11-07,63.08,78.93,64,30.0,0.0,13.2,0.0,6.6,78.733,63.933,63,6.2
1977-11-09,63.08,78.93,64,0.0,3.9,33.22,-30.099999999999998,1.5600000000000005,78.733,63.933,63,2.2
1977-11-10,63.08,78.93,64,0.0,0.0,4.4,-2.85,0.7750000000000001,78.733,63.933,63,0.7
1977-11-12,63.08,78.93,64,0.0,0.0,16.5,0.0,8.25,78.733,63.933,63,5.7
1977-11-18,63.08,78.93,64,10.0,0.0,20.76192996742671,-1.362972312703583,9.84,78.733,63.933,63,7.3
1977-11-19,63.08,78.93,64,10.0,0.0,19.561929967426714,-2.5629723127035824,8.64,78.733,63.933,63,9.8
1977-11-21,63.08,78.93,64,10.0,0.0,17.641929967426712,-4.482972312703583,6.72,78.733,63.933,63,5.8
1977-11-23,63.08,78.93,64,0.0,0.0,7.72,3.8,5.76,78.733,63.933,63,5.3
1977-11-28,63.08,78.93,64,0.0,0.0,14.761929967426711,-7.362972312703583,3.84,78.733,63.933,63,1.0
1977-11-29,63.08,78.93,64,0.0,0.0,21.72192996742671,-0.40297231270358225,10.8,78.733,63.933,63,5.8
1977-11-30,63.08,78.93,64,0.0,0.0,49.08192996742671,26.957027687296414,38.16,78.733,63.933,63,4.7
1977-12-03,63.08,78.93,64,0.0,0.0,45.841929967426715,23.71702768729642,34.92,78.733,63.933,63,2.2
1977-12-08,63.08,78.93,64,0.0,0.0,0.9199999999999999,-3.8,-1.44,78.733,63.933,63,-1.0
1977-12-11,63.08,78.93,64,20.0,0.0,8.88192996742671,-13.242972312703582,-2.04,78.733,63.933,63,-1.6
1977-12-15,63.08,78.93,64,0.0,0.0,-5.859999999999999,-9.5,-7.68,78.733,63.933,63,-3.7
1977-12-18,63.08,78.93,64,0.0,0.0,2.84,-3.8,-0.48,78.733,63.933,63,-2.0
1977-12-19,63.08,78.93,64,99.0,0.0,50.04192996742671,27.917027687296414,39.12,78.733,63.933,63,-1.5
1977-12-20,63.08,78.93,64,0.0,0.0,8.04192996742671,-14.082972312703582,-2.88,78.733,63.933,63,-3.8
1977-12-21,63.08,78.93,64,0.0,0.0,7.321929967426712,-14.802972312703583,-3.6,78.733,63.933,63,-3.8
1977-12-23,63.08,78.93,64,0.0,0.0,8.521929967426711,-13.602972312703583,-2.4,78.733,63.933,63,-2.6
1977-12-24,63.08,78.93,64,23.0,0.0,2.5219299674267113,-19.602972312703585,-8.4,78.733,63.933,63,-8.5
1977-12-26,63.08,78.93,64,0.0,0.0,2.0299999999999994,-12.35,-5.16,78.733,63.933,63,-5.2
1977-12-27,63.08,78.93,64,0.0,0.0,6.961929967426712,-15.162972312703584,-3.96,78.733,63.933,63,-1.6
1977-12-29,63.08,78.93,64,0.0,0.0,-0.5600000000000005,-7.6,-4.08,78.733,63.933,63,-3.0
1978-01-04,63.08,78.93,64,0.0,0.0,41.521929967426715,19.39702768729642,30.6,78.733,63.933,63,-2.3
1978-01-08,63.08,78.93,64,0.0,0.0,2.2,-0.95,0.6250000000000001,78.733,63.933,63,-0.8
1978-01-09,63.08,78.93,64,0.0,0.0,14.3,-16.22,-0.9599999999999991,78.733,63.933,63,-1.0
1978-01-11,63.08,78.93,64,0.0,0.0,-2.2,-12.68,-7.4399999999999995,78.733,63.933,63,-5.8
1978-01-12,63.08,78.93,64,0.0,0.0,-4.4,-8.55,-6.4750000000000005,78.733,63.933,63,-5.3
1978-01-13,63.08,78.93,64,0.0,0.0,62.580000000000005,-5.7,28.44,78.733,63.933,63,-4.5
1978-01-15,63.08,78.93,64,0.0,2.32,0.0,-14.4,-7.2,78.733,63.933,63,-5.8
1978-01-16,63.08,78.93,64,0.0,0.0,0.0,-10.45,-5.225,78.733,63.933,63,-7.2
1978-01-18,63.08,78.93,64,0.0,0.0,0.0,-9.5,-5.225,78.733,63.933,63,-5.7
1978-01-24,63.08,78.93,64,0.0,0.0,-6.6,-12.35,-9.475,78.733,63.933,63,-11.5
1978-01-25,63.08,78.93,64,0.0,0.0,-4.4,-14.25,-9.325,78.733,63.933,63,-12.5
1978-01-27,63.08,78.93,64,0.0,0.0,-4.4,-11.4,-7.9,78.733,63.933,63,-11.0
1978-01-28,63.08,78.93,64,0.0,0.0,2.2,-14.25,-6.025,78.733,63.933,63,-11.3
1978-01-29,63.08,78.93,64,0.0,0.0,1.1,-14.25,-6.575,78.733,63.933,63,-7.2
1978-01-30,63.08,78.93,64,0.0,0.0,39.38,-56.660000000000004,-8.64,78.733,63.933,63,-6.4
1978-01-31,63.08,78.93,64,0.0,0.0,-3.3,-13.3,-8.3,78.733,63.933,63,-9.8
1978-02-03,63.08,78.93,64,0.0,0.0,-4.4,-21.520000000000003,-12.96,78.733,63.933,63,-11.4
1978-02-05,63.08,78.93,64,0.0,0.0,-12.66,-17.1,-14.88,78.733,63.933,63,-14.7
1978-02-06,63.08,78.93,64,0.0,0.0,-11.0,-28.6,-19.8,78.733,63.933,63,-17.8
1978-02-08,63.08,78.93,64,0.0,0.0,-4.4,-22.72,-13.559999999999999,78.733,63.933,63,-15.7
1978-02-14,63.08,78.93,64,0.0,2.98,1.1,-15.2,-7.05,78.733,63.933,63,-11.0
1978-02-17,63.08,78.93,64,0.0,3.15,15.4,-0.95,7.2250000000000005,78.733,63.933,63,3.4
1978-02-19,63.08,78.93,64,0.0,0.0,3.3,0.54,1.92,78.733,63.933,63,0.4
1978-02-20,63.08,78.93,64,0.0,0.0,6.6,-1.9,2.3499999999999996,78.733,63.933,63,-0.1
1978-02-22,63.08,78.93,64,8.0,0.0,7.7,-3.38,2.16,78.733,63.933,63,-1.6
1978-02-23,63.08,78.93,64,3.0,0.0,-1.1,-10.42,-5.76,78.733,63.933,63,-4.0
1978-02-25,63.08,78.93,64,3.0,0.0,2.2,-5.7,-1.75,78.733,63.933,63,-4.2
1978-02-27,63.08,78.93,64,3.0,0.0,72.12,-11.4,30.360000000000003,78.733,63.933,63,-9.8
1978-02-28,63.08,78.93,64,0.0,0.0,1.1,-12.379999999999999,-5.64,78.733,63.933,63,-6.8
1978-03-02,63.08,78.93,64,0.0,0.0,2.2,-9.5,-3.65,78.733,63.933,63,-6.6
1978-03-04,63.08,78.93,64,0.0,0.0,47.92,4.4,26.16,78.733,63.933,63,-6.6
1978-03-05,63.08,78.93,64,0.0,0.0,41.120000000000005,8.8,24.96,78.733,63.933,63,-6.4
1978-03-06,63.08,78.93,64,0.0,0.0,9.9,-6.65,1.625,78.733,63.933,63,-4.5
1978-03-15,63.08,78.93,64,0.0,0.0,5.5,-1.9,1.8,78.733,63.933,63,1.2
1978-03-17,63.08,78.93,64,0.0,0.0,5.5,-2.85,1.325,78.733,63.933,63,-0.7
1978-03-18,63.08,78.93,64,0.0,0.0,8.8,-1.9,3.45,78.733,63.933,63,-1.0
1978-03-19,63.08,78.93,64,0.0,0.0,8.8,-4.75,3.45,78.733,63.933,63,-1.7
1978-03-20,63.08,78.93,64,0.0,0.0,12.1,-6.65,2.7249999999999996,78.733,63.933,63,-2.3
1978-03-21,63.08,78.93,64,0.0,0.0,12.1,-1.9,5.1,78.733,63.933,63,1.7
1978-03-22,63.08,78.93,64,0.0,0.0,17.6,0.0,8.8,78.733,63.933,63,1.4
1978-03-24,63.08,78.93,64,0.0,0.0,19.8,-0.120000000000001,9.84,78.733,63.933,63,2.8
1978-03-25,63.08,78.93,64,0.0,0.0,26.4,4.75,15.575,78.733,63.933,63,2.3
1978-03-29,63.08,78.93,64,0.0,0.0,24.2,-6.199999999999999,9.0,78.733,63.933,63,2.3
1978-03-30,63.08,78.93,64,0.0,0.0,24.2,0.95,12.575,78.733,63.933,63,1.3
1978-03-31,63.08,78.93,64,0.0,0.0,25.3,0.0,12.65,78.733,63.933,63,3.6
1978-04-01,63.08,78.93,64,0.0,0.0,26.4,3.360000000000003,14.88,78.733,63.933,63,2.0
1978-04-02,63.08,78.93,64,0.0,0.0,25.3,3.0199999999999996,14.16,78.733,63.933,63,0.8
1978-04-05,63.08,78.93,64,0.0,0.0,30.8,-1.2800000000000011,14.76,78.733,63.933,63,5.0
1978-04-06,63.08,78.93,64,0.0,0.0,28.6,8.55,18.575000000000003,78.733,63.933,63,14.3
1978-04-07,63.08,78.93,64,0.0,0.0,25.3,10.45,17.875,78.733,63.933,63,11.2
1978-04-08,63.08,78.93,64,30.0,0.0,16.5,7.98,12.24,78.733,63.933,63,8.2
1978-04-09,63.08,78.93,64,30.0,0.0,20.9,-1.224902280130296,9.978070032573287,78.733,63.933,63,6.8
1978-04-10,63.08,78.93,64,0.0,0.0,30.8,2.3199999999999967,16.56,78.733,63.933,63,7.4
1978-04-11,63.08,78.93,64,0.0,0.0,12.1,5.42,8.76,78.733,63.933,63,6.2
1978-04-12,63.08,78.93,64,0.0,0.0,16.5,-5.624902280130295,5.578070032573288,78.733,63.933,63,5.5
1978-04-13,63.08,78.93,64,0.0,0.0,16.5,3.8,10.15,78.733,63.933,63,6.2
1978-04-14,63.08,78.93,64,0.0,0.0,53.02,5.7,29.360000000000003,78.733,63.933,63,6.6
1978-04-16,63.08,78.93,64,79.0,0.0,11.0,4.75,7.875,78.733,63.933,63,6.5
1978-04-17,63.08,78.93,64,0.0,0.0,17.6,6.65,12.125,78.733,63.933,63,9.7
1978-04-18,63.08,78.93,64,0.0,0.0,25.3,7.6,16.45,78.733,63.933,63,12.0
1978-04-21,63.08,78.93,64,10.0,0.0,22.0,-1.3599999999999994,10.32,78.733,63.933,63,8.8
1978-04-24,63.08,78.93,64,10.0,0.0,17.6,7.6,12.600000000000001,78.733,63.933,63,9.2
1978-04-25,63.08,78.93,64,10.0,0.0,66.55,-24.79,20.88,78.733,63.933,63,12.5
1978-04-26,63.08,78.93,64,41.0,0.0,27.72192996742671,5.597027687296418,16.8,78.733,63.933,63,12.8
1978-05-01,63.08,78.93,64,0.0,0.0,67.54,12.35,39.945,78.733,63.933,63,15.3
1978-05-10,63.08,78.93,64,0.0,0.0,28.08192996742671,5.957027687296417,17.16,78.733,63.933,63,13.5
1978-05-16,63.08,78.93,64,0.0,0.0,35.2,17.1,26.150000000000002,78.733,63.933,63,22.2
1978-05-19,63.08,78.93,64,0.0,0.0,26.4,15.2,20.799999999999997,78.733,63.933,63,16.2
1978-06-07,63.08,78.93,64,0.0,0.0,30.15,14.25,22.2,78.733,63.933,63,19.3
1978-06-15,63.08,78.93,64,0.0,0.0,73.75999999999999,35.2,54.48,78.733,63.933,63,22.5
1978-06-17,63.08,78.93,64,0.0,0.0,39.6,16.15,27.875,78.733,63.933,63,25.4
1978-06-27,63.08,78.93,64,0.0,0.0,34.1,17.1,25.6,78.733,63.933,63,24.0
1978-06-28,63.08,78.93,64,0.0,0.0,35.2,18.05,26.625,78.733,63.933,63,25.0
1978-07-08,63.08,78.93,64,0.0,0.0,35.2,19.0,27.1,78.733,63.933,63,26.8
1978-07-15,63.08,78.93,64,0.0,0.0,40.7,21.85,31.275000000000002,78.733,63.933,63,28.6
1978-07-16,63.08,78.93,64,0.0,0.0,42.9,34.38,38.64,78.733,63.933,63,29.7
1978-07-18,63.08,78.93,64,0.0,0.0,36.3,32.10000000000001,34.2,78.733,63.933,63,28.2
1978-07-26,63.08,78.93,64,0.0,0.0,40.7,22.419999999999995,31.56,78.733,63.933,63,28.0
1978-07-27,63.08,78.93,64,0.0,0.0,50.35,41.8,46.075,78.733,63.933,63,28.4
1978-07-30,63.08,78.93,64,0.0,0.0,34.1,16.299999999999997,25.2,78.733,63.933,63,24.0
1978-08-03,63.08,78.93,64,0.0,0.0,37.089999999999996,12.35,24.72,78.733,63.933,63,22.7
1978-08-05,63.08,78.93,64,0.0,0.0,37.4,15.275097719869702,26.478070032573285,78.733,63.933,63,25.6
1978-08-07,63.08,78.93,64,0.0,0.0,76.88,35.2,56.04,78.733,63.933,63,25.7
1978-08-09,63.08,78.93,64,0.0,0.0,38.5,32.78,35.64,78.733,63.933,63,27.7
1978-08-13,63.08,78.93,64,0.0,3.94,76.34,-8.659999999999997,33.84,78.733,63.933,63,26.8
1978-08-14,63.08,78.93,64,0.0,0.0,41.8,25.400000000000006,33.6,78.733,63.933,63,26.8
1978-08-16,63.08,78.93,64,0.0,0.0,87.34,34.1,60.72,78.733,63.933,63,25.6
1978-08-21,63.08,78.93,64,0.0,0.0,29.641929967426712,7.517027687296416,18.72,78.733,63.933,63,20.2
1978-08-23,63.08,78.93,64,0.0,2.96,32.03,10.45,21.240000000000002,78.733,63.933,63,20.0
1978-08-26,63.08,78.93,64,0.0,0.0,31.9,17.060000000000002,24.48,78.733,63.933,63,21.3
1978-08-29,63.08,78.93,64,0.0,2.27,30.8,12.35,21.575,78.733,63.933,63,21.5
1978-09-01,63.08,78.93,64,0.0,0.0,37.08192996742671,14.957027687296417,26.16,78.733,63.933,63,23.8
1978-09-02,63.08,78.93,64,0.0,0.0,33.0,14.25,23.625,78.733,63.933,63,23.2
1978-09-08,63.08,78.93,64,0.0,0.0,43.31,10.45,26.880000000000003,78.733,63.933,63,21.3
1978-09-11,63.08,78.93,64,0.0,0.0,33.0,13.3,23.15,78.733,63.933,63,20.5
1978-09-12,63.08,78.93,64,0.0,0.0,37.4,13.3,25.35,78.733,63.933,63,21.9
1978-09-13,63.08,78.93,64,0.0,0.0,37.80192996742671,15.677027687296416,26.88,78.733,63.933,63,23.3
1978-09-17,63.08,78.93,64,0.0,0.0,32.97,8.55,20.759999999999998,78.733,63.933,63,18.8
1978-09-19,63.08,78.93,64,0.0,0.0,34.1,11.4,22.75,78.733,63.933,63,24.0
1978-09-20,63.08,78.93,64,0.0,0.0,54.78,-3.4200000000000017,25.68,78.733,63.933,63,21.2
1978-09-21,63.08,78.93,64,0.0,0.0,31.9,14.25,23.075,78.733,63.933,63,22.3
1978-09-23,63.08,78.93,64,0.0,0.0,37.4,19.72,28.56,78.733,63.933,63,24.3
1978-09-24,63.08,78.93,64,0.0,0.0,38.5,15.2,26.85,78.733,63.933,63,21.6
1978-09-25,63.08,78.93,64,0.0,0.0,31.9,16.58,24.24,78.733,63.933,63,20.6
1978-09-26,63.08,78.93,64,0.0,0.0,25.3,3.175097719869706,14.378070032573289,78.733,63.933,63,15.8
1978-09-27,63.08,78.93,64,0.0,0.0,27.5,16.18,21.84,78.733,63.933,63,16.8
1978-09-28,63.08,78.93,64,0.0,2.89,23.1,6.65,14.875,78.733,63.933,63,13.5
1978-09-29,63.08,78.93,64,0.0,0.0,53.68,5.7,29.69,78.733,63.933,63,13.2
1978-09-30,63.08,78.93,64,0.0,0.0,29.7,3.8,16.75,78.733,63.933,63,13.8
1978-10-02,63.08,78.93,64,0.0,0.0,23.1,12.420000000000002,17.76,78.733,63.933,63,13.4
1978-10-03,63.08,78.93,64,0.0,3.69,19.8,7.6,13.7,78.733,63.933,63,12.0
1978-10-06,63.08,78.93,64,0.0,0.0,16.5,2.219999999999999,9.36,78.733,63.933,63,9.4
1978-10-07,63.08,78.93,64,0.0,0.0,23.1,3.7799999999999976,13.44,78.733,63.933,63,9.8
1978-10-10,63.08,78.93,64,0.0,0.0,14.3,1.9,8.1,78.733,63.933,63,5.5
1978-10-11,63.08,78.93,64,0.0,0.0,91.35999999999999,17.6,54.47999999999999,78.733,63.933,63,9.0
1978-10-14,63.08,78.93,64,0.0,2.07,44.11,-26.83,8.64,78.733,63.933,63,8.2
1978-10-15,63.08,78.93,64,0.0,0.0,93.86,18.7,56.28,78.733,63.933,63,10.5
1978-10-16,63.08,78.93,64,0.0,0.0,22.0,3.8,12.9,78.733,63.933,63,9.5
1978-10-17,63.08,78.93,64,0.0,0.0,26.4,11.520000000000003,18.96,78.733,63.933,63,12.4
1978-10-20,63.08,78.93,64,0.0,0.0,15.4,-1.9,6.75,78.733,63.933,63,5.2
1978-10-23,63.08,78.93,64,0.0,0.0,67.87,8.55,38.21,78.733,63.933,63,14.0
1978-10-25,63.08,78.93,64,0.0,2.99,53.02,-34.300000000000004,9.36,78.733,63.933,63,10.5
1978-10-26,63.08,78.93,64,0.0,0.0,29.521929967426715,7.3970276872964185,18.6,78.733,63.933,63,9.0
1978-10-27,63.08,78.93,64,0.0,3.48,46.86,24.735097719869703,35.938070032573286,78.733,63.933,63,8.0
1978-10-28,63.08,78.93,64,0.0,0.0,23.1,1.9,12.5,78.733,63.933,63,10.3
1978-10-30,63.08,78.93,64,0.0,0.0,100.44,19.8,60.12,78.733,63.933,63,11.3
1978-11-01,63.08,78.93,64,20.0,0.0,14.3,8.02,11.16,78.733,63.933,63,8.5
1978-11-05,63.08,78.93,64,20.0,0.0,40.81,-0.95,19.93,78.733,63.933,63,4.0
1978-11-06,63.08,78.93,64,0.0,0.0,12.1,8.06,10.08,78.733,63.933,63,6.5
1978-11-10,63.08,78.93,64,0.0,0.0,5.5,-1.6600000000000001,1.92,78.733,63.933,63,0.3
1978-11-11,63.08,78.93,64,0.0,0.0,9.9,0.95,5.425,78.733,63.933,63,3.0
1978-11-12,63.08,78.93,64,0.0,0.0,8.66,1.9,5.28,78.733,63.933,63,2.4
1978-11-15,63.08,78.93,64,0.0,3.68,7.7,-4.82,1.44,78.733,63.933,63,2.5
1978-11-16,63.08,78.93,64,0.0,0.0,16.52,-3.8,6.359999999999999,78.733,63.933,63,4.2
1978-11-19,63.08,78.93,64,0.0,0.0,8.8,-13.324902280130294,-2.121929967426711,78.733,63.933,63,3.5
1978-11-20,63.08,78.93,64,0.0,0.0,14.761929967426711,-7.362972312703583,3.84,78.733,63.933,63,3.6
1978-11-22,63.08,78.93,64,0.0,0.0,15.18,5.7,10.44,78.733,63.933,63,6.0
1978-11-23,63.08,78.93,64,0.0,0.0,8.8,-1.6000000000000005,3.6,78.733,63.933,63,3.6
1978-11-25,63.08,78.93,64,0.0,0.0,7.970000000000001,4.75,6.36,78.733,63.933,63,3.2
1978-11-27,63.08,78.93,64,0.0,0.0,6.6,-3.8,1.4,78.733,63.933,63,2.0
1978-11-28,63.08,78.93,64,0.0,0.0,30.4,7.7,19.05,78.733,63.933,63,1.8
1978-11-29,63.08,78.93,64,0.0,0.0,5.5,-5.5,0.0,78.733,63.933,63,1.8
1978-11-30,63.08,78.93,64,0.0,0.0,9.8,-3.8,3.0000000000000004,78.733,63.933,63,0.3
1978-12-02,63.08,78.93,64,0.0,0.0,15.4,3.8,9.6,78.733,63.933,63,6.2
1978-12-03,63.08,78.93,64,0.0,0.0,11.0,1.9600000000000009,6.48,78.733,63.933,63,3.8
1978-12-04,63.08,78.93,64,0.0,0.0,8.8,-1.6000000000000005,3.6,78.733,63.933,63,2.6
1978-12-05,63.08,78.93,64,0.0,0.0,5.5,3.380000000000001,4.44,78.733,63.933,63,3.4
1978-12-07,63.08,78.93,64,0.0,0.0,12.1,6.380000000000001,9.24,78.733,63.933,63,6.0
1978-12-08,63.08,78.93,64,0.0,0.0,8.8,1.2799999999999994,5.04,78.733,63.933,63,1.8
1978-12-09,63.08,78.93,64,0.0,0.0,9.9,-10.38,-0.2400000000000002,78.733,63.933,63,0.2
1978-12-11,63.08,78.93,64,0.0,0.0,5.5,-15.82,-5.16,78.733,63.933,63,-3.7
1978-12-12,63.08,78.93,64,0.0,0.0,9.08,-3.8,2.64,78.733,63.933,63,0.2
1978-12-13,63.08,78.93,64,0.0,0.0,9.721929967426712,-12.402972312703582,-1.2,78.733,63.933,63,-2.8
1978-12-14,63.08,78.93,64,0.0,0.0,0.0,-12.48,-6.24,78.733,63.933,63,-4.7
1978-12-15,63.08,78.93,64,0.0,0.0,3.3,-12.35,-4.525,78.733,63.933,63,-3.3
1978-12-17,63.08,78.93,64,0.0,0.0,13.561929967426712,-8.562972312703582,2.64,78.733,63.933,63,1.0
1978-12-19,63.08,78.93,64,0.0,0.0,6.6,2.040000000000001,4.32,78.733,63.933,63,0.3
1978-12-21,63.08,78.93,64,0.0,0.0,7.7,-6.65,0.5249999999999999,78.733,63.933,63,-3.0
1978-12-24,63.08,78.93,64,0.0,0.0,0.0,-36.0,-18.0,78.733,63.933,63,-14.2
1978-12-25,63.08,78.93,64,0.0,0.0,-3.3,-15.2,-9.25,78.733,63.933,63,-8.8
1978-12-26,63.08,78.93,64,0.0,0.0,0.0,-6.65,-3.325,78.733,63.933,63,-2.5
1978-12-27,63.08,78.93,64,0.0,0.0,8.161929967426712,-13.962972312703583,-2.76,78.733,63.933,63,-3.2
1979-01-01,63.08,78.93,64,0.0,0.0,8.8,0.0,4.4,78.733,63.933,63,-0.2
1979-01-02,63.08,78.93,64,0.0,0.0,8.8,-0.95,4.4,78.733,63.933,63,-0.8
1979-01-03,63.08,78.93,64,0.0,0.0,14.3,0.95,7.625,78.733,63.933,63,5.6
1979-01-04,63.08,78.93,64,0.0,2.33,13.2,4.75,8.975,78.733,63.933,63,6.0
1979-01-05,63.08,78.93,64,0.0,0.0,12.1,-10.42,0.8399999999999999,78.733,63.933,63,1.0
1979-01-06,63.08,78.93,64,41.0,0.0,-1.1,-3.8,-2.45,78.733,63.933,63,-2.6
1979-01-08,63.08,78.93,64,0.0,0.0,-1.1,-20.259999999999998,-10.68,78.733,63.933,63,-10.1
1979-01-09,63.08,78.93,64,0.0,0.0,-4.4,-10.45,-7.425,78.733,63.933,63,-9.0
1979-01-10,63.08,78.93,64,0.0,0.0,27.61,-43.21,-7.800000000000001,78.733,63.933,63,-7.8
1979-01-11,63.08,78.93,64,0.0,0.0,-2.2,-10.45,-6.324999999999999,78.733,63.933,63,-4.5
1979-01-13,63.08,78.93,64,0.0,0.0,0.0,-8.55,-4.275,78.733,63.933,63,-4.4
1979-01-15,63.08,78.93,64,0.0,0.0,-1.1,-11.620000000000001,-6.36,78.733,63.933,63,-5.5
1979-01-20,63.08,78.93,64,0.0,0.0,1.1,-22.220000000000002,-10.56,78.733,63.933,63,-7.8
1979-01-21,63.08,78.93,64,0.0,0.0,38.17,-10.45,13.860000000000001,78.733,63.933,63,-5.2
1979-01-23,63.08,78.93,64,0.0,0.0,-4.4,-12.35,-8.375,78.733,63.933,63,-12.0
1979-01-24,63.08,78.93,64,3.0,0.0,-7.7,-11.4,-9.55,78.733,63.933,63,-8.8
1979-01-25,63.08,78.93,64,13.0,0.0,-7.7,-8.55,-8.125,78.733,63.933,63,-8.4
1979-01-26,63.08,78.93,64,0.0,0.0,20.02,-43.3,-11.639999999999999,78.733,63.933,63,-9.7
1979-01-27,63.08,78.93,64,0.0,0.0,23.98,-15.2,4.390000000000001,78.733,63.933,63,-10.4
1979-01-28,63.08,78.93,64,0.0,0.0,-2.2,-22.52,-12.36,78.733,63.933,63,-10.6
1979-01-29,63.08,78.93,64,0.0,0.0,-2.2,-17.1,-9.65,78.733,63.933,63,-9.8
1979-01-30,63.08,78.93,64,0.0,0.0,-1.1,-14.25,-7.675,78.733,63.933,63,-8.8
1979-01-31,63.08,78.93,64,0.0,0.0,-2.2,-15.32,-8.76,78.733,63.933,63,-7.2
1979-02-01,63.08,78.93,64,0.0,0.0,5.5,-9.5,-2.0,78.733,63.933,63,-7.3
1979-02-02,63.08,78.93,64,0.0,0.0,12.961929967426713,-9.162972312703584,2.04,78.733,63.933,63,-3.4
1979-02-03,63.08,78.93,64,0.0,0.0,11.88192996742671,-10.242972312703582,0.96,78.733,63.933,63,-1.6
1979-02-04,63.08,78.93,64,0.0,3.0,41.14,-46.66,-2.759999999999998,78.733,63.933,63,-4.3
1979-02-05,63.08,78.93,64,0.0,0.0,2.2,-14.68,-6.24,78.733,63.933,63,-6.7
1979-02-06,63.08,78.93,64,0.0,2.66,2.2,27.74,-6.24,78.733,63.933,63,0.8
1979-02-08,63.08,78.93,64,0.0,3.09,45.54,-35.22,5.16,78.733,63.933,63,0.7
1979-02-09,63.08,78.93,64,0.0,3.55,6.6,-9.959999999999999,-1.6799999999999997,78.733,63.933,63,-2.0
1979-02-10,63.08,78.93,64,0.0,0.0,5.5,-6.65,-0.5750000000000002,78.733,63.933,63,-2.5
1979-02-12,63.08,78.93,64,0.0,0.0,13.561929967426712,-8.562972312703582,2.64,78.733,63.933,63,1.2
1979-02-14,63.08,78.93,64,0.0,0.0,33.66,-26.459999999999997,3.5999999999999996,78.733,63.933,63,2.2
1979-02-15,63.08,78.93,64,0.0,0.0,17.6,1.9,9.75,78.733,63.933,63,1.2
1979-02-16,63.08,78.93,64,0.0,0.0,18.7,1.9,10.299999999999999,78.733,63.933,63,5.6
1979-02-17,63.08,78.93,64,0.0,0.0,11.161929967426712,-10.962972312703583,0.24,78.733,63.933,63,-1.3
1979-02-19,63.08,78.93,64,0.0,0.0,27.48192996742671,5.357027687296416,16.56,78.733,63.933,63,-8.0
1979-02-20,63.08,78.93,64,0.0,0.0,-2.2,-11.239999999999998,-6.719999999999999,78.733,63.933,63,-7.3
1979-02-21,63.08,78.93,64,0.0,0.0,2.2,-6.5200000000000005,-2.16,78.733,63.933,63,-3.2
1979-02-23,63.08,78.93,64,0.0,0.0,1.1,-8.78,-3.84,78.733,63.933,63,-5.9
1979-02-24,63.08,78.93,64,0.0,0.0,-1.1,-9.5,-5.3,78.733,63.933,63,-6.5
1979-02-25,63.08,78.93,64,0.0,0.0,-1.1,-11.860000000000001,-6.48,78.733,63.933,63,-4.8
1979-02-26,63.08,78.93,64,0.0,0.0,5.5,-9.5,-2.0,78.733,63.933,63,-4.8
1979-02-27,63.08,78.93,64,0.0,0.0,2.2,-7.48,-2.64,78.733,63.933,63,-4.2
1979-03-01,63.08,78.93,64,0.0,2.7,8.161929967426712,-13.962972312703583,-2.76,78.733,63.933,63,-8.0
1979-03-04,63.08,78.93,64,0.0,0.0,0.0,-14.88,-7.44,78.733,63.933,63,-9.0
1979-03-06,63.08,78.93,64,0.0,0.0,6.6000000000000005,-11.4,-2.4,78.733,63.933,63,-7.0
1979-03-07,63.08,78.93,64,0.0,0.0,7.7,-14.424902280130294,-3.2219299674267114,78.733,63.933,63,-8.5
1979-03-15,63.08,78.93,64,0.0,0.0,23.1,4.259999999999998,13.68,78.733,63.933,63,-0.6
1979-03-16,63.08,78.93,64,0.0,0.0,19.8,1.3200000000000003,10.56,78.733,63.933,63,4.5
1979-03-17,63.08,78.93,64,0.0,0.0,11.0,-0.95,5.025,78.733,63.933,63,1.4
1979-03-18,63.08,78.93,64,0.0,0.0,26.6,17.6,22.1,78.733,63.933,63,2.8
1979-03-19,63.08,78.93,64,0.0,2.04,27.5,5.7,16.6,78.733,63.933,63,7.8
1979-03-20,63.08,78.93,64,0.0,0.0,23.1,0.41999999999999815,11.76,78.733,63.933,63,4.0
1979-03-21,63.08,78.93,64,0.0,0.0,19.8,0.95,10.375,78.733,63.933,63,2.2
1979-03-22,63.08,78.93,64,0.0,0.0,18.36192996742671,-3.7629723127035826,7.44,78.733,63.933,63,1.4
1979-03-23,63.08,78.93,64,0.0,0.0,19.8,1.9,10.85,78.733,63.933,63,2.4
1979-03-24,63.08,78.93,64,0.0,2.15,23.1,-0.5400000000000027,11.28,78.733,63.933,63,1.7
1979-03-25,63.08,78.93,64,0.0,0.0,27.83,-0.95,13.44,78.733,63.933,63,3.3
1979-03-26,63.08,78.93,64,0.0,0.0,48.84,32.11,40.475,78.733,63.933,63,3.7
1979-03-27,63.08,78.93,64,0.0,0.0,65.01,-35.49000000000001,14.759999999999998,78.733,63.933,63,3.8
1979-03-31,63.08,78.93,64,0.0,0.0,9.9,-1.9800000000000004,3.96,78.733,63.933,63,0.4
1979-04-01,63.08,78.93,64,0.0,2.75,13.2,1.200000000000001,7.2,78.733,63.933,63,2.0
1979-04-02,63.08,78.93,64,0.0,0.0,18.7,0.0,9.35,78.733,63.933,63,5.2
1979-04-04,63.08,78.93,64,0.0,0.0,18.7,6.65,12.675,78.733,63.933,63,3.6
1979-04-05,63.08,78.93,64,0.0,0.0,16.5,9.420000000000002,12.96,78.733,63.933,63,2.6
1979-04-06,63.08,78.93,64,0.0,0.0,18.7,5.7,12.2,78.733,63.933,63,9.4
1979-04-07,63.08,78.93,64,0.0,0.0,20.9,4.75,12.825,78.733,63.933,63,13.2
1979-04-08,63.08,78.93,64,0.0,0.0,26.4,7.6,17.0,78.733,63.933,63,7.6
1979-04-09,63.08,78.93,64,0.0,0.0,23.1,11.4,17.25,78.733,63.933,63,5.3
1979-04-10,63.08,78.93,64,0.0,0.0,47.08,2.85,24.965,78.733,63.933,63,4.2
1979-04-12,63.08,78.93,64,0.0,0.0,24.2,2.85,13.525,78.733,63.933,63,8.3
1979-04-15,63.08,78.93,64,0.0,0.0,30.8,4.959999999999997,17.88,78.733,63.933,63,5.5
1979-04-16,63.08,78.93,64,5.0,0.0,60.72192996742671,38.59702768729642,49.8,78.733,63.933,63,11.2
1979-04-18,63.08,78.93,64,0.0,3.01,19.8,6.120000000000001,12.96,78.733,63.933,63,8.5
1979-04-19,63.08,78.93,64,0.0,0.0,23.1,10.5,16.8,78.733,63.933,63,13.8
1979-04-24,63.08,78.93,64,0.0,0.0,16.5,1.7399999999999984,9.12,78.733,63.933,63,5.2
1979-04-29,63.08,78.93,64,0.0,0.0,20.9,-1.224902280130296,9.978070032573287,78.733,63.933,63,10.3
1979-04-30,63.08,78.93,64,10.0,0.0,68.32,17.6,42.959999999999994,78.733,63.933,63,11.2
1979-05-01,63.08,78.93,64,99.0,3.96,22.0,6.65,14.325,78.733,63.933,63,12.2
1979-05-02,63.08,78.93,64,20.0,0.0,75.58000000000001,20.9,48.24000000000001,78.733,63.933,63,11.2
1979-05-03,63.08,78.93,64,20.0,0.0,15.4,11.959999999999999,13.68,78.733,63.933,63,11.7
1979-05-04,63.08,78.93,64,20.0,0.0,24.2,18.52,21.36,78.733,63.933,63,12.8
1979-05-05,63.08,78.93,64,0.0,0.0,26.4,11.4,18.9,78.733,63.933,63,13.2
1979-05-08,63.08,78.93,64,0.0,0.0,27.5,5.375097719869704,16.578070032573287,78.733,63.933,63,15.3
1979-05-09,63.08,78.93,64,0.0,0.0,30.8,11.4,21.1,78.733,63.933,63,16.3
1979-05-11,63.08,78.93,64,0.0,0.0,29.7,13.02,21.36,78.733,63.933,63,15.4
1979-05-14,63.08,78.93,64,0.0,0.0,66.33,10.45,38.39,78.733,63.933,63,16.0
1979-05-19,63.08,78.93,64,0.0,0.0,30.8,13.3,22.05,78.733,63.933,63,19.0
1979-05-23,63.08,78.93,64,0.0,0.0,33.0,9.479999999999997,21.24,78.733,63.933,63,16.0
1979-05-25,63.08,78.93,64,0.0,0.0,29.7,11.4,20.55,78.733,63.933,63,20.2
1979-05-26,63.08,78.93,64,0.0,0.0,27.5,8.979999999999997,18.24,78.733,63.933,63,14.3
1979-06-01,63.08,78.93,64,0.0,0.0,31.9,14.25,23.075,78.733,63.933,63,18.8
1979-06-02,63.08,78.93,64,0.0,0.0,36.3,20.340000000000003,28.32,78.733,63.933,63,20.8
1979-06-06,63.08,78.93,64,0.0,0.0,73.4,28.6,51.0,78.733,63.933,63,19.2
1979-06-07,63.08,78.93,64,0.0,0.0,37.58,13.3,25.439999999999998,78.733,63.933,63,19.3
1979-06-08,63.08,78.93,64,0.0,0.0,33.0,13.3,23.15,78.733,63.933,63,22.4
1979-06-11,63.08,78.93,64,0.0,0.0,30.8,8.080000000000002,19.44,78.733,63.933,63,16.4
1979-06-13,63.08,78.93,64,0.0,0.0,37.4,24.28,30.84,78.733,63.933,63,25.5
1979-06-14,63.08,78.93,64,0.0,0.0,32.881929967426714,10.757027687296418,21.96,78.733,63.933,63,18.2
1979-06-16,63.08,78.93,64,0.0,0.0,30.8,18.16,24.48,78.733,63.933,63,19.7
1979-06-18,63.08,78.93,64,0.0,2.46,36.3,16.15,26.224999999999998,78.733,63.933,63,24.6
1979-06-19,63.08,78.93,64,0.0,0.0,38.5,16.15,27.325,78.733,63.933,63,25.7
1979-06-22,63.08,78.93,64,0.0,0.0,42.9,33.18,38.04,78.733,63.933,63,27.7
1979-06-23,63.08,78.93,64,0.0,0.0,37.4,32.68,35.04,78.733,63.933,63,26.4
1979-06-24,63.08,78.93,64,0.0,0.0,36.3,18.42,27.36,78.733,63.933,63,19.2
1979-06-25,63.08,78.93,64,0.0,0.0,30.8,16.15,23.475,78.733,63.933,63,20.4
1979-06-29,63.08,78.93,64,0.0,0.0,37.4,25.480000000000004,31.44,78.733,63.933,63,25.3
1979-06-30,63.08,78.93,64,0.0,0.0,39.6,16.15,27.875,78.733,63.933,63,28.8
1979-07-01,63.08,78.93,64,0.0,0.0,41.8,18.05,29.924999999999997,78.733,63.933,63,25.2
1979-07-03,63.08,78.93,64,0.0,0.0,37.4,15.2,26.299999999999997,78.733,63.933,63,28.3
1979-07-06,63.08,78.93,64,0.0,0.0,40.56,35.2,37.88,78.733,63.933,63,23.3
1979-07-07,63.08,78.93,64,0.0,0.0,39.6,17.1,28.35,78.733,63.933,63,27.7
1979-07-08,63.08,78.93,64,0.0,2.94,45.1,20.9,33.0,78.733,63.933,63,28.5
1979-07-09,63.08,78.93,64,0.0,0.0,39.6,25.68,32.64,78.733,63.933,63,26.6
1979-07-11,63.08,78.93,64,0.0,0.0,42.12192996742671,19.997027687296416,31.2,78.733,63.933,63,27.2
1979-07-12,63.08,78.93,64,0.0,0.0,38.5,24.380000000000003,31.44,78.733,63.933,63,27.2
1979-07-18,63.08,78.93,64,0.0,0.0,44.0,21.875097719869704,33.07807003257329,78.733,63.933,63,32.7
1979-07-19,63.08,78.93,64,0.0,0.0,122.64,22.8,72.72,78.733,63.933,63,28.2
1979-07-21,63.08,78.93,64,0.0,0.0,36.67,18.05,27.36,78.733,63.933,63,25.8
1979-07-27,63.08,78.93,64,0.0,0.0,45.1,19.95,32.525,78.733,63.933,63,30.3
1979-07-29,63.08,78.93,64,0.0,0.0,44.0,21.875097719869704,33.07807003257329,78.733,63.933,63,30.0
1979-07-30,63.08,78.93,64,0.0,0.0,42.9,22.8,32.85,78.733,63.933,63,32.4
1979-07-31,63.08,78.93,64,0.0,0.0,45.1,22.975097719869705,34.17807003257329,78.733,63.933,63,29.8
1979-08-01,63.08,78.93,64,0.0,0.0,121.36000000000001,44.0,82.68,78.733,63.933,63,29.3
1979-08-03,63.08,78.93,64,0.0,0.0,37.4,20.200000000000003,28.8,78.733,63.933,63,26.0
1979-08-04,63.08,78.93,64,30.0,0.0,34.1,20.619999999999997,27.36,78.733,63.933,63,25.8
1979-08-05,63.08,78.93,64,0.0,0.0,65.89,-5.410000000000004,30.24,78.733,63.933,63,27.2
1979-08-06,63.08,78.93,64,0.0,0.0,39.6,17.1,28.35,78.733,63.933,63,27.2
1979-08-09,63.08,78.93,64,0.0,0.0,39.6,17.1,28.35,78.733,63.933,63,26.2
1979-08-10,63.08,78.93,64,0.0,0.0,51.53000000000001,16.15,33.84,78.733,63.933,63,27.0
1979-08-11,63.08,78.93,64,0.0,0.0,44.76192996742672,22.63702768729642,33.84,78.733,63.933,63,29.2
1979-08-13,63.08,78.93,64,0.0,0.0,40.44192996742671,18.317027687296417,29.52,78.733,63.933,63,25.5
1979-08-15,63.08,78.93,64,0.0,0.0,76.12,19.0,47.56,78.733,63.933,63,30.6
1979-08-18,63.08,78.93,64,0.0,0.0,78.12192996742671,55.99702768729642,67.2,78.733,63.933,63,24.0
1979-08-22,63.08,78.93,64,0.0,0.0,36.96192996742671,14.837027687296416,26.04,78.733,63.933,63,21.6
1979-08-24,63.08,78.93,64,0.0,0.0,33.0,10.875097719869704,22.078070032573287,78.733,63.933,63,21.6
1979-08-25,63.08,78.93,64,0.0,0.0,34.1,13.3,23.700000000000003,78.733,63.933,63,24.2
1979-08-26,63.08,78.93,64,0.0,3.37,36.3,15.2,25.75,78.733,63.933,63,24.2
1979-09-02,63.08,78.93,64,0.0,0.0,39.6,15.2,27.4,78.733,63.933,63,25.4
1979-09-03,63.08,78.93,64,99.0,0.0,40.7,16.15,28.425,78.733,63.933,63,28.2
1979-09-05,63.08,78.93,64,0.0,0.0,37.4,18.05,27.725,78.733,63.933,63,23.0
1979-09-07,63.08,78.93,64,0.0,0.0,34.92192996742671,12.797027687296417,24.0,78.733,63.933,63,21.7
1979-09-09,63.08,78.93,64,0.0,0.0,33.0,15.2,24.1,78.733,63.933,63,21.4
1979-09-10,63.08,78.93,64,0.0,0.0,40.0,15.2,27.6,78.733,63.933,63,23.7
1979-09-12,63.08,78.93,64,20.0,0.0,28.6,18.68,23.64,78.733,63.933,63,20.0
1979-09-13,63.08,78.93,64,0.0,0.0,26.4,12.35,19.375,78.733,63.933,63,18.5
1979-09-21,63.08,78.93,64,0.0,2.35,40.92,11.4,26.16,78.733,63.933,63,19.8
1979-09-24,63.08,78.93,64,0.0,0.0,51.7,-9.700000000000003,21.0,78.733,63.933,63,17.3
1979-09-26,63.08,78.93,64,0.0,0.0,38.16192996742671,16.037027687296415,27.24,78.733,63.933,63,20.3
1979-09-28,63.08,78.93,64,0.0,0.0,30.8,16.720000000000002,23.76,78.733,63.933,63,18.8
1979-09-29,63.08,78.93,64,0.0,0.0,33.0,19.32,26.16,78.733,63.933,63,20.8
1979-10-03,63.08,78.93,64,0.0,0.0,75.35,-21.589999999999996,26.88,78.733,63.933,63,19.0
1979-10-04,63.08,78.93,64,0.0,0.0,27.5,13.3,20.4,78.733,63.933,63,17.0
1979-10-05,63.08,78.93,64,0.0,0.0,27.48192996742671,5.357027687296416,16.56,78.733,63.933,63,12.8
1979-10-06,63.08,78.93,64,0.0,0.0,15.4,13.4,14.4,78.733,63.933,63,12.4
1979-10-08,63.08,78.93,64,0.0,3.37,17.6,10.45,14.025,78.733,63.933,63,10.7
1979-10-09,63.08,78.93,64,0.0,0.0,17.6,5.7,14.025,78.733,63.933,63,9.8
1979-10-10,63.08,78.93,64,0.0,0.0,17.6,2.3200000000000003,9.96,78.733,63.933,63,10.0
1979-10-17,63.08,78.93,64,10.0,0.0,24.2,8.2,16.2,78.733,63.933,63,14.4
1979-10-18,63.08,78.93,64,10.0,0.0,28.921929967426713,6.797027687296417,18.0,78.733,63.933,63,12.6
1979-10-19,63.08,78.93,64,0.0,3.83,19.8,13.8,16.8,78.733,63.933,63,13.2
1979-10-20,63.08,78.93,64,0.0,2.6,26.4,7.6,17.0,78.733,63.933,63,12.8
1979-10-23,63.08,78.93,64,0.0,0.0,17.6,13.119999999999997,15.36,78.733,63.933,63,14.3
1979-10-26,63.08,78.93,64,0.0,0.0,28.68192996742671,6.557027687296419,17.76,78.733,63.933,63,12.7
1979-10-27,63.08,78.93,64,0.0,0.0,19.08192996742671,-3.042972312703583,8.16,78.733,63.933,63,5.7
1979-10-28,63.08,78.93,64,0.0,0.0,12.1,2.3000000000000007,7.2,78.733,63.933,63,3.4
1979-10-29,63.08,78.93,64,0.0,0.0,13.2,4.080000000000002,8.64,78.733,63.933,63,6.7
1979-10-31,63.08,78.93,64,0.0,0.0,13.2,0.7200000000000006,6.96,78.733,63.933,63,5.8
1979-11-01,63.08,78.93,64,0.0,0.0,18.7,-3.4249022801302953,7.778070032573288,78.733,63.933,63,9.3
1979-11-03,63.08,78.93,64,0.0,0.0,18.7,-3.4249022801302953,7.778070032573288,78.733,63.933,63,7.4
1979-11-04,63.08,78.93,64,0.0,0.0,5.5,-5.02,0.2400000000000002,78.733,63.933,63,0.3
1979-11-09,63.08,78.93,64,0.0,3.68,46.42,-3.8,21.310000000000002,78.733,63.933,63,1.8
1979-11-10,63.08,78.93,64,0.0,0.0,11.0,-2.119999999999999,4.44,78.733,63.933,63,2.5
1979-11-12,63.08,78.93,64,0.0,0.0,8.8,0.3199999999999985,4.56,78.733,63.933,63,1.6
1979-11-13,63.08,78.93,64,0.0,0.0,11.0,-3.8,3.6,78.733,63.933,63,2.7
1979-11-17,63.08,78.93,64,0.0,0.0,12.17,-6.65,2.76,78.733,63.933,63,4.8
1979-11-19,63.08,78.93,64,0.0,0.0,11.161929967426712,-10.962972312703583,0.24,78.733,63.933,63,2.0
1979-11-21,63.08,78.93,64,0.0,3.81,25.56,9.9,17.73,78.733,63.933,63,2.8
1979-11-23,63.08,78.93,64,0.0,0.0,29.26,11.0,20.130000000000003,78.733,63.933,63,-0.5
1979-11-26,63.08,78.93,64,0.0,0.0,12.1,-7.3,2.4,78.733,63.933,63,2.0
1979-11-28,63.08,78.93,64,0.0,0.0,16.5,-1.9,7.3,78.733,63.933,63,3.2
1979-12-01,63.08,78.93,64,0.0,0.0,7.66,-1.9,2.88,78.733,63.933,63,1.2
1979-12-03,63.08,78.93,64,0.0,0.0,4.4,-3.8,0.30000000000000027,78.733,63.933,63,1.2
1979-12-07,63.08,78.93,64,0.0,0.0,11.0,1.9,6.45,78.733,63.933,63,2.8
1979-12-10,63.08,78.93,64,0.0,0.0,13.321929967426712,-8.802972312703583,2.4,78.733,63.933,63,0.7
1979-12-14,63.08,78.93,64,0.0,0.0,1.92,0.0,0.96,78.733,63.933,63,1.7
1979-12-17,63.08,78.93,64,373.0,0.0,4.4,1.9,3.1500000000000004,78.733,63.933,63,2.5
1979-12-20,63.08,78.93,64,373.0,3.75,7.681929967426711,-14.442972312703583,-3.24,78.733,63.933,63,-3.2
1979-12-21,63.08,78.93,64,0.0,0.0,0.0,-6.65,-3.325,78.733,63.933,63,-2.3
1979-12-22,63.08,78.93,64,0.0,0.0,-1.1,-3.8,-2.45,78.733,63.933,63,-3.6
1979-12-23,63.08,78.93,64,0.0,0.0,0.0,-5.28,-2.64,78.733,63.933,63,-3.2
1979-12-25,63.08,78.93,64,0.0,0.0,4.4,-7.6,-1.5999999999999996,78.733,63.933,63,0.2
1979-12-26,63.08,78.93,64,0.0,0.0,25.3,-28.18,-1.4399999999999995,78.733,63.933,63,-0.7
1979-12-27,63.08,78.93,64,0.0,0.0,47.72,2.2,24.96,78.733,63.933,63,-1.0
1979-12-28,63.08,78.93,64,0.0,0.0,15.4,-19.72,-2.1599999999999993,78.733,63.933,63,-1.3
1979-12-30,63.08,78.93,64,0.0,0.0,26.73,-37.769999999999996,-5.519999999999998,78.733,63.933,63,-4.2
1980-01-03,63.08,78.93,64,0.0,0.0,74.5,1.1,37.8,78.733,63.933,63,-1.7
1980-01-04,63.08,78.93,64,0.0,0.0,8.521929967426711,-13.602972312703583,-2.4,78.733,63.933,63,-2.7
1980-01-05,63.08,78.93,64,3.0,3.25,-2.2,-2.85,-2.5250000000000004,78.733,63.933,63,-2.6
1980-01-07,63.08,78.93,64,10.0,0.0,3.7219299674267114,-18.402972312703582,-7.2,78.733,63.933,63,-5.2
1980-01-08,63.08,78.93,64,10.0,0.0,-5.5,-7.6,-6.55,78.733,63.933,63,-8.2
1980-01-09,63.08,78.93,64,551.0,0.0,-2.9980700325732883,-25.12297231270358,-13.92,78.733,63.933,63,-10.4
1980-01-10,63.08,78.93,64,551.0,3.29,-4.678070032573288,-26.80297231270358,-15.6,78.733,63.933,63,-8.0
1980-01-13,63.08,78.93,64,551.0,0.0,0.0,-7.6,-3.8,78.733,63.933,63,-7.7
1980-01-14,63.08,78.93,64,551.0,0.0,-9.9,-22.020000000000003,-15.96,78.733,63.933,63,-12.5
1980-01-15,63.08,78.93,64,551.0,0.0,-12.1,-21.85,-16.975,78.733,63.933,63,-12.4
1980-01-16,63.08,78.93,64,0.0,0.0,-13.399999999999999,-19.0,-16.2,78.733,63.933,63,-17.1
1980-01-20,63.08,78.93,64,0.0,0.0,22.11,-15.2,3.455,78.733,63.933,63,-14.3
1980-01-23,63.08,78.93,64,0.0,0.0,-8.99807003257329,-31.122972312703585,-19.92,78.733,63.933,63,-18.0
1980-01-25,63.08,78.93,64,0.0,0.0,-3.3,-25.424902280130294,-14.22192996742671,78.733,63.933,63,-9.6
1980-01-26,63.08,78.93,64,0.0,0.0,-8.8,-27.2,-18.0,78.733,63.933,63,-12.7
1980-01-29,63.08,78.93,64,0.0,3.92,4.4,-5.12,-0.3599999999999999,78.733,63.933,63,-3.8
1980-01-30,63.08,78.93,64,0.0,0.0,24.97,-48.97,-12.0,78.733,63.933,63,-8.7
1980-02-02,63.08,78.93,64,0.0,0.0,-2.518070032573288,-24.642972312703584,-13.44,78.733,63.933,63,-11.2
1980-02-04,63.08,78.93,64,0.0,0.0,-7.7,-23.02,-15.36,78.733,63.933,63,-14.6
1980-02-05,63.08,78.93,64,0.0,0.0,-5.638070032573287,-27.76297231270358,-16.56,78.733,63.933,63,-16.0
1980-02-09,63.08,78.93,64,0.0,0.0,-4.918070032573288,-27.042972312703583,-15.84,78.733,63.933,63,-14.1
1980-02-10,63.08,78.93,64,0.0,0.0,1.0819299674267118,-21.042972312703583,-9.84,78.733,63.933,63,-12.5
1980-02-12,63.08,78.93,64,0.0,0.0,0.0,-13.92,-6.96,78.733,63.933,63,-4.8
1980-02-14,63.08,78.93,64,0.0,0.0,4.4,-11.600000000000001,-3.6000000000000005,78.733,63.933,63,-5.2
1980-02-15,63.08,78.93,64,0.0,0.0,2.2,-0.7600000000000002,0.72,78.733,63.933,63,-4.0
1980-02-16,63.08,78.93,64,0.0,0.0,2.2,-5.800000000000001,-1.8000000000000003,78.733,63.933,63,-4.7
1980-02-18,63.08,78.93,64,0.0,0.0,1.1,-12.62,-5.76,78.733,63.933,63,-9.3
1980-02-19,63.08,78.93,64,0.0,0.0,2.2,-8.55,-3.1750000000000003,78.733,63.933,63,-4.2
1980-02-20,63.08,78.93,64,0.0,0.0,22.88,15.040000000000003,18.96,78.733,63.933,63,-7.8
1980-02-22,63.08,78.93,64,0.0,0.0,22.88,-9.5,18.96,78.733,63.933,63,-4.5
1980-02-25,63.08,78.93,64,41.0,0.0,-2.2,-17.0,-9.6,78.733,63.933,63,-13.8
1980-02-26,63.08,78.93,64,0.0,0.0,-3.3,-14.25,-8.775,78.733,63.933,63,-14.2
1980-02-28,63.08,78.93,64,0.0,0.0,-3.3,-18.3,-10.8,78.733,63.933,63,-14.7
1980-02-29,63.08,78.93,64,0.0,0.0,-0.598070032573288,-22.722972312703583,-11.52,78.733,63.933,63,-15.4
1980-03-02,63.08,78.93,64,0.0,0.0,12.1,-19.3,-3.6000000000000005,78.733,63.933,63,-7.0
1980-03-03,63.08,78.93,64,0.0,0.0,81.94000000000001,1.1,41.52,78.733,63.933,63,-6.0
1980-03-04,63.08,78.93,64,0.0,0.0,5.281929967426712,-16.842972312703584,-5.64,78.733,63.933,63,-13.0
1980-03-06,63.08,78.93,64,0.0,0.0,12.1,-7.779999999999999,2.16,78.733,63.933,63,-2.2
1980-03-07,63.08,78.93,64,0.0,0.0,9.121929967426711,-13.002972312703584,-1.8,78.733,63.933,63,-4.2
1980-03-09,63.08,78.93,64,0.0,0.0,0.0,-13.92,-6.96,78.733,63.933,63,-10.7
1980-03-12,63.08,78.93,64,0.0,0.0,0.0,-17.52,-8.76,78.733,63.933,63,-10.2
1980-03-15,63.08,78.93,64,0.0,0.0,4.921929967426712,-17.202972312703583,-6.0,78.733,63.933,63,-8.7
1980-03-17,63.08,78.93,64,0.0,0.0,5.5,-10.780000000000001,-2.6400000000000006,78.733,63.933,63,-5.8
1980-03-19,63.08,78.93,64,0.0,0.0,8.8,1.7599999999999998,5.28,78.733,63.933,63,0.3
1980-03-20,63.08,78.93,64,5.0,0.0,14.161929967426712,-7.962972312703583,3.24,78.733,63.933,63,0.0
1980-03-22,63.08,78.93,64,0.0,0.0,15.4,-0.95,7.2250000000000005,78.733,63.933,63,1.3
1980-03-23,63.08,78.93,64,0.0,2.11,62.37,23.08,42.724999999999994,78.733,63.933,63,0.7
1980-03-24,63.08,78.93,64,0.0,0.0,17.6,3.5199999999999996,10.56,78.733,63.933,63,2.0
1980-03-25,63.08,78.93,64,0.0,0.0,11.0,-10.28,0.3600000000000003,78.733,63.933,63,-1.0
1980-03-27,63.08,78.93,64,0.0,0.0,8.8,-5.920000000000001,1.44,78.733,63.933,63,-0.6
1980-03-28,63.08,78.93,64,0.0,0.0,16.76,-3.8,6.48,78.733,63.933,63,0.4
1980-03-30,63.08,78.93,64,0.0,0.0,26.4,11.04,18.72,78.733,63.933,63,13.3
1980-04-01,63.08,78.93,64,0.0,0.0,12.1,3.8,7.949999999999999,78.733,63.933,63,3.7
1980-04-07,63.08,78.93,64,0.0,0.0,17.6,6.399999999999999,12.0,78.733,63.933,63,6.2
1980-04-08,63.08,78.93,64,0.0,0.0,25.68192996742671,3.557027687296417,14.76,78.733,63.933,63,6.8
1980-04-09,63.08,78.93,64,0.0,0.0,32.21,26.4,29.305,78.733,63.933,63,3.8
1980-04-14,63.08,78.93,64,119.0,0.0,27.12192996742671,4.997027687296416,16.2,78.733,63.933,63,7.4
1980-04-20,63.08,78.93,64,119.0,0.0,53.64192996742671,31.517027687296416,42.72,78.733,63.933,63,10.4
1980-04-22,63.08,78.93,64,0.0,0.0,34.92192996742671,12.797027687296417,24.0,78.733,63.933,63,13.0
1980-04-23,63.08,78.93,64,0.0,0.0,33.77,16.15,24.96,78.733,63.933,63,14.8
1980-04-27,63.08,78.93,64,0.0,0.0,29.7,12.779999999999998,21.24,78.733,63.933,63,12.4
1980-04-28,63.08,78.93,64,0.0,0.0,68.97,50.44,59.705,78.733,63.933,63,12.8
1980-04-30,63.08,78.93,64,0.0,0.0,30.36,11.4,20.88,78.733,63.933,63,12.7
1980-05-03,63.08,78.93,64,0.0,0.0,39.72,11.4,25.56,78.733,63.933,63,16.0
1980-05-04,63.08,78.93,64,0.0,0.0,42.28,35.2,38.74,78.733,63.933,63,19.8
1980-05-11,63.08,78.93,64,0.0,0.0,23.1,5.7,14.4,78.733,63.933,63,14.0
1980-05-16,63.08,78.93,64,0.0,0.0,65.34,-11.100000000000001,27.12,78.733,63.933,63,18.4
1980-05-28,63.08,78.93,64,0.0,0.0,43.370000000000005,16.15,29.76,78.733,63.933,63,24.0
1980-06-01,63.08,78.93,64,0.0,0.0,38.881929967426714,16.757027687296418,27.96,78.733,63.933,63,22.2
1980-06-02,63.08,78.93,64,0.0,0.0,35.2,19.519999999999996,27.36,78.733,63.933,63,20.3
1980-06-07,63.08,78.93,64,0.0,0.0,40.92192996742671,18.797027687296417,30.0,78.733,63.933,63,24.6
1980-06-08,63.08,78.93,64,0.0,0.0,37.4,30.520000000000003,33.96,78.733,63.933,63,25.6
1980-06-09,63.08,78.93,64,0.0,0.0,130.74,17.1,73.92,78.733,63.933,63,25.7
1980-06-13,63.08,78.93,64,0.0,0.0,127.11000000000001,14.25,70.68,78.733,63.933,63,22.8
1980-06-14,63.08,78.93,64,0.0,0.0,43.561929967426714,21.437027687296418,32.64,78.733,63.933,63,26.0
1980-06-17,63.08,78.93,64,0.0,0.0,28.6,27.559999999999995,28.08,78.733,63.933,63,22.3
1980-06-18,63.08,78.93,64,0.0,0.0,28.6,27.559999999999995,28.08,78.733,63.933,63,21.6
1980-06-29,63.08,78.93,64,0.0,0.0,106.25999999999999,17.1,61.67999999999999,78.733,63.933,63,25.3
1980-06-30,63.08,78.93,64,0.0,0.0,43.561929967426714,21.437027687296418,32.64,78.733,63.933,63,25.6
1980-07-04,63.08,78.93,64,0.0,0.0,37.4,20.9,29.15,78.733,63.933,63,30.2
1980-07-05,63.08,78.93,64,0.0,0.0,42.9,22.8,32.85,78.733,63.933,63,31.0
1980-07-06,63.08,78.93,64,0.0,3.05,44.0,31.120000000000005,37.56,78.733,63.933,63,29.8
1980-07-08,63.08,78.93,64,0.0,0.0,44.0,31.120000000000005,37.56,78.733,63.933,63,28.2
1980-07-11,63.08,78.93,64,0.0,0.0,46.28,19.0,32.64,78.733,63.933,63,26.0
1980-07-14,63.08,78.93,64,0.0,0.0,51.00192996742671,28.877027687296415,40.08,78.733,63.933,63,28.6
1980-07-16,63.08,78.93,64,0.0,0.0,45.481929967426716,23.35702768729642,34.56,78.733,63.933,63,30.2
1980-07-22,63.08,78.93,64,0.0,0.0,40.7,23.14,31.92,78.733,63.933,63,27.2
1980-07-25,63.08,78.93,64,0.0,0.0,38.5,19.0,28.75,78.733,63.933,63,27.2
1980-07-26,63.08,78.93,64,0.0,0.0,77.11,17.1,47.105000000000004,78.733,63.933,63,27.3
1980-07-28,63.08,78.93,64,0.0,0.0,39.6,20.9,30.25,78.733,63.933,63,28.7
1980-07-29,63.08,78.93,64,0.0,0.0,36.3,20.9,28.599999999999998,78.733,63.933,63,26.8
1980-07-30,63.08,78.93,64,0.0,0.0,43.4,19.0,31.2,78.733,63.933,63,28.0
1980-07-31,63.08,78.93,64,0.0,0.0,39.6,17.475097719869705,28.678070032573288,78.733,63.933,63,28.0
1980-08-02,63.08,78.93,64,0.0,0.0,44.521929967426715,22.39702768729642,33.6,78.733,63.933,63,24.8
1980-08-03,63.08,78.93,64,0.0,0.0,43.68192996742671,21.557027687296415,32.76,78.733,63.933,63,27.3
1980-08-12,63.08,78.93,64,0.0,0.0,40.92192996742671,18.797027687296417,30.0,78.733,63.933,63,24.0
1980-08-15,63.08,78.93,64,0.0,0.0,40.22,13.3,26.759999999999998,78.733,63.933,63,25.6
1980-08-16,63.08,78.93,64,0.0,2.09,79.68192996742671,57.557027687296426,68.76,78.733,63.933,63,24.6
1980-08-18,63.08,78.93,64,0.0,0.0,38.5,16.15,27.325,78.733,63.933,63,27.5
1980-08-19,63.08,78.93,64,0.0,0.0,40.7,25.539999999999992,33.12,78.733,63.933,63,30.0
1980-08-22,63.08,78.93,64,0.0,2.4,129.99,14.25,72.12,78.733,63.933,63,20.2
1980-08-24,63.08,78.93,64,0.0,0.0,75.46,13.3,44.379999999999995,78.733,63.933,63,23.2
1980-08-25,63.08,78.93,64,0.0,0.0,42.85,12.35,27.6,78.733,63.933,63,24.5
1980-08-27,63.08,78.93,64,0.0,0.0,38.5,27.019999999999996,32.76,78.733,63.933,63,25.0
1980-08-28,63.08,78.93,64,0.0,0.0,30.8,14.25,22.525,78.733,63.933,63,21.0
1980-08-29,63.08,78.93,64,41.0,0.0,22.0,15.2,18.6,78.733,63.933,63,19.7
1980-08-31,63.08,78.93,64,0.0,0.0,24.2,15.879999999999999,20.04,78.733,63.933,63,14.5
1980-09-01,63.08,78.93,64,0.0,0.0,28.6,9.5,19.05,78.733,63.933,63,17.4
1980-09-06,63.08,78.93,64,0.0,0.0,29.7,16.860000000000003,23.28,78.733,63.933,63,20.6
1980-09-07,63.08,78.93,64,0.0,0.0,112.45,12.35,62.4,78.733,63.933,63,19.5
1980-09-09,63.08,78.93,64,0.0,0.0,65.42,25.3,45.36,78.733,63.933,63,18.0
1980-09-14,63.08,78.93,64,0.0,0.0,29.7,12.3,21.0,78.733,63.933,63,16.8
1980-09-15,63.08,78.93,64,0.0,0.0,37.32192996742671,15.197027687296416,26.4,78.733,63.933,63,17.3
1980-09-16,63.08,78.93,64,0.0,2.28,37.32192996742671,15.197027687296416,26.4,78.733,63.933,63,20.0
1980-09-17,63.08,78.93,64,0.0,0.0,75.02,15.2,45.11,78.733,63.933,63,25.2
